*RadioCtl   Data file generated: 07/23/2023 06:11am
*
*:RADIO:     SDS200/BCD325P2/ICR30/IC705/THF6A
*:START:  ** Ulster/Orange County Conventional Frequencies
**
* This file has been designed to work with:
*     Uniden BCD325P2, Uniden SDS200,  ICOM IC-R30, ICOM-IC-705, Kenwood TH-F6A
* NOTE:When storing into the BCD325P2, the Group quickkey will be converted to 0-9 by 'mod 10' conversion.
*  Also 'service' strings will be limited to 15 characters.
*
*
* IGRP assignments (ICOM R30/ICOM IC-705):
*   1 - Ulster Fire + Local Fire
*   2 - Ulster 911 + Sheriff
*   3 - Orange Fire + Local fire + OC 911
*   4 - State Police/Thruway/DEC
*   5 - Dutchess Fire + Local Fire + DC 911
*   6 - State Parks
*   7 - Highway Departments
*   8 - Business
*   9 - EMS
*  20 - Local Railroad Frequencies (in a different system definition)
*  21 - All Railroad Frequencies  (in a different system definition)
*
*** S-TYPE field is the number for the 'FuncTagId' as defined by the SDSx00 file specification
*** These numbers are values between 1-37 and 208-218. If this value is not set in
*** a 'C-Freq' or 'TGID' record, that record will NOT scan.
*** The logic used for setting this value:
***  If value in 'FREQ' record > 0 then use that value
***  Else if value in 'GROUP' record referenced >0 Then use that value
***  Else set value of '3' ('Fire Dispatch')
***
*** Numbers defined in the spec are as follows:
** 1-Multi-Dispatch
** 2-Law Dispatch
** 3-Fire Dispatch
** 4-EMS Dispatch
** 5-non
** 6-Multi-Tac
** 7-Law Tac
** 8-Fire-Tac
** 9-EMS-Tac
**10-non
**11-Interop
**12-Hospital
**13-Ham
**14-Public Works
**15-Aircraft
**16-Federal
**17-Business
**18-non
**19-non
**20-Railroad
**21-Other
**22-Multi-Talk
**23-Law Talk
**24-Fire-Talk
**25-EMS-Talk
**26-Transportation
**27-non
**28-non
**29-Emergency Ops
**30-Military
**31-Media
**32-Schools
**33-Security
**34-Utilities
**35-non
**36-non
**37-Corrections
****Custom Service Type
**208-Custom 1
**209-Custom 2
**210-Custom 3
**211-Custom 4
**212-Custom 5
**213-Custom 6
**214-Custom 7
**215-Custom 8
**216-Racing Officials
*
* NOTE:If this file is automatically processed, some fields as well as comments may be lost
* Also, do NOT include semi-colons in any comment or data record. Will drive .csv parser crazy!
*
*:STOP:
* Quickkeys: key - sysno:system, (sysno):site ...
*:QUICKKEY:  01 - 1:"Ulster_Orange Conv" 
*
*
*********** RadioCtl Data Records *****************
* Records are in the format: 
*record_type,field1,field2,field3,....
*     or 
*record_type,key1=value,key2=value,...
* records starting with '*' or '#' are ignored
*rectypes:System,Site,TFreq,Group,Freq    (all case insensitive)
* At least one 'System' record is required for each file
*
*fields/keys:
*  Index: Unique number for the record
*  Valid: If 'F','0','N', record will not be scanned or selected in the radio
*  Service: Any string with any characters except ',' 
*  SystemType: (SYSTEM Records) =>cnv,ltr,eds,edw,edn,mots,motc,trbo,p25s,p25f,p25f,dmr,nxdn
*  Flags:Single Character turns on item. 
 *    Flags for FREQ records: 
*      'a'-Attenuation,'2'-Attenuate SDSx200 only,'3'-Attenuate BCD radios only,'4'-Attenuate IC-R30 only 
*      'g'-TGID is valid,'+'-Split frequency is + offset,'-'-Split frequency is - offset
*      'p'-Channel is a priority channel                                            
*    Flags for SYSTEM records: 
*      'f'-EDACS AFS format 
*      'h'-AGC_digital, 'i'-id_search (trunked systems), 'j'-AGC_analog, 'k'-data skip 
*      'o'-Control Channel only, 'p'-Turn on priority,'q'-Quickkey is on (UNIDEN only) 
*  Dlyrsm:A number between -10 and +30. Negative number is Resume. 0 is Off
*  Sysno:System record index. Required for Site & Group records
*  Siteno:Site record Index. Required for TFreq records
*  Groupno:Group record Index. Required for Freq records
*  Hld:(System/Site records). Time in seconds to hold on the system or site
*  Frequency:(Freq & TFreq records). Can be in Hz or Mhz
*  Mode:Modulation:AM,FMw (Broadcast),FMn,FMun(2.5khz),LSB,USB
*  Lat/Lon: Decimal value  or DMS (DD:MM:SS.SS:direction)
*  P25wait:Time in ms to wait for a P25 decode to complete
*  Rf_filter:(SDS200 only) Global/Normal/Invert/Auto 
*  Channel - RadioCtl channel number. If 'b' flag set in system, Radio's channel in group
*  _Extra field: ADTYPEx - Uniden Audio type (0,1 or 2) BCDTAGx - Uniden User tag (0-1000)
*                EMGALTx - Uniden Emergency Alert (0-9) EMGLVLx - Uniden Alert Level (0-15)
*                SVCODE - SDS200 Service code           RFGAINx - R30 Gain (0-9)
*
*Keywords are not case sensitive
*For keyword=value format, any keyword for the record not specified will be set to the default
*
*
*    #### System Definition #####
#:system:index,service,valid,systemtype,flags,dlyrsm,qkey,hld,_extra,p25wait,p25mode,p25lvl,p25nac,end_code,fleetmap,custmap,_rsvd,
*SYSTEM  ,index,service                       ,valid,system,    flags,dlyrsm,qkey,hld,_extra    ,p25wait,p25mode,p25lvl,p25nac,end_code,fleetmap, custmap,_rsv
SYSTEM   ,    1,Ulster_Orange Conv            ,    1,CNV   ,        q,     0,   1,  0,          ,    400,   Auto,      
*
*    ### Groups for Ulster_Orange Conv system (1). 
#:group:index,service,valid,sysno,flags,_rsvd,_extra,gqkey,rf_filter,lat,lon,radius,_rsvd,
*GROUP   ,index,service                       ,valid,sysno,    flags,rsvd,_extra    ,gqkey,rf_filter   ,lat         ,lon         ,radius      ,_rsv
GROUP    ,    1,Ulster Fire                   ,    1,    1,         ,    ,SVCODE3   ,   01
GROUP    ,    2,Ulster 911                    ,    1,    1,         ,    ,SVCODE4 SCANGRP1,   02
GROUP    ,    3,Orange Fire-911               ,    1,    1,         ,    ,SVCODE3   ,   03
GROUP    ,    4,NYState PD                    ,    1,    1,         ,    ,SVCODE2   ,   04
GROUP    ,    5,UC Sheriff/Other PD           ,    1,    1,         ,    ,SVCODE3   ,   05
GROUP    ,    6,Parks                         ,    1,    1,         ,    ,SVCODE14  ,   06
GROUP    ,    7,Utilities_Hiway               ,    1,    1,         ,    ,SVCODE34  ,   07
GROUP    ,    8,Business                      ,    0,    1,         ,    ,SVCODE17  ,   08
#
# Example of KEY=VALUE format
GROUP    ,index=9,valid=1,sysno=1,scangrp=1,service=EMS
#
GROUP    ,   10,Ulster Other                  ,    1,    1,         ,    ,    ,   00,3     
*
*
*    #### All Frequencies for Ulster_Orange Conv system (1) ####
* Channel numbers are defined for ICOM ICR30/R8600/IC-705
* UHF frequencies on the ICOM IC-R30 get overloaded by DMR stations if RFGAIN is too high. So all are set for RFGAIN of 5
* VHF Frequencies on the ICOM IC-30 also get overloaded easily. So RFGAIN is set to 7 for most
* The SDS-200 ALSO is subject to DMR overload, so the antenuator is set on for these frequencies
*
* The next line indicates the field order that this file was built with
#:freq:index,service,valid,groupno,flags,channel,frequency,mode,tgid,tone,tone_type,dlyrsm,_extra,adtype,lat,lon,_rsvd,sfrequency,smode,stone,stone_type,
*FREQ    ,index,service                       ,valid,group,    flags,chan,  frequency,  mode,    tgid,  tone,tone_type,dlyrsm,_extra    ,  adtype,lat         ,lon         ,_rsv,sfrequency, smode, stone,stone_type
#                                                              flags  ch    freq      mode   tgid      tone    tone-type dlyrsm extra sfreq   smode  stone stone-type lat lon
FREQ     ,    1,UC Fire Control               ,    1,    1,        2,   1,  46.460000,   FMn,        ,     0,      off,     1,rfgain5   ,     all,            ,            ,    ,         0,   FMn,     0,       off
FREQ     ,    2,UC Fire F4                    ,    1,    1,         ,   2,  46.280000,   FMn,        ,     0,      Off,     1,rfgain5   ,     all,            ,            ,    ,         0,   FMn,     0,       off
FREQ     ,    3,UC Fire F3                    ,    1,    1,         ,   3,  46.300000,   FMn,        ,     0,      Off,     1,rfgain5   ,     all,            ,            ,    ,         0,   FMn,     0,       off
FREQ     ,    4,UC Fire F5                    ,    1,    1,         ,   4,  46.320000,   FMn,        ,     0,      Off,     1,rfgain5   ,     all,            ,            ,    ,         0,   FMn,     0,       off
FREQ     ,    5,UC Fire Trucks                ,    1,    1,         ,   5,  46.340000,   FMn,        ,     0,      Off,      ,rfgain5   ,     all,            ,            ,    ,         0,   FMn,     0,       off
FREQ     ,    6,Fire Mutual Aid               ,    1,    1,         ,   6,  45.880000,   FMn,        ,     0,      Off,      ,rfgain5   ,     all,            ,            ,    ,         0,   FMn,     0,       off
FREQ     ,    7,UC Fire F6                    ,    1,    1,         ,   7,  46.480000,   FMn,        ,     0,      Off,      ,rfgain5   ,     all,            ,            ,    ,         0,   FMn,     0,       off
## Marlboro Fire is now using UHF between trucks
FREQ     ,    8,UCFD C-C F1                   ,    1,    1,        2,   8, 453.562500,   FMn,        ,     0,      Off,      ,rfgain5 scangrp1,all,           ,            ,    ,         0,  Auto,     0,       off 
FREQ     ,    9,UC Fire-Control UHF           ,    1,    1,        2,   9, 460.625000,   FMn,        ,     0,      Off,     1,rfgain5 scangrp1,all,           ,            ,    ,         0,   FMn,     0,       off
FREQ     ,   10,Marlbro Fire-F2               ,    1,    1,        2,  10, 453.162500,   FMn,        ,     0,      Off,      ,rfgain5 scangrp1,all,           ,            ,    ,         0,   FMn,     0,       off
FREQ     ,   11,Marlbro Fire-F3               ,    1,    1,        2,  11, 458.162500,   FMn,        ,     0,      Off,      ,rfgain5 scangrp1,all,           ,            ,    ,         0,   FMn,     0,       off
### Older frequency listings (maybe active 
FREQ     ,   12,Old listing for Marlbro Fire  ,    1,    1,        2,  12, 465.637500,   FMn,        ,     0,      Off,     1,rfgain5 scangrp1,all,           ,            ,    ,         0,   FMn,     0,       off
FREQ     ,   13,Marlbro Fire-?                ,    1,    1,        2,  13, 460.537500,   FMn,        ,     0,      Off,      ,rfgain5 scangrp1,all,           ,            ,    ,         0,   FMn,     0,       off
FREQ     ,   14,Marlbro Fire-?                ,    1,    1,        2,  14, 465.537500,   FMn,        ,     0,      Off,      ,rfgain5 scangrp1,all,           ,            ,    ,         0,   FMn,     0,       off
FREQ     ,   15,Highland FD                   ,    1,    1,        2,  15, 460.112500,   FMn,        ,     0,      Off,      ,rfgain5 scangrp1,all,           ,            ,    ,         0,   FMn,     0,       off
FREQ     ,   16,New Paltz-FG                  ,    1,    1,        2,  16, 468.975000,   FMn,        ,     0,      Off,      ,rfgain5 scangrp1,all,           ,            ,    ,         0,   FMn,     0,       off
FREQ     ,   17,New Paltz-TownWide            ,    1,    1,         ,  17, 155.805000,   FMn,        ,     0,      Off,      ,rfgain7   ,     all,            ,            ,    ,         0,   FMn,     0,       off
#
### Ulster County 911 (Group 2)
FREQ     ,   18,UC-911(06-037)                ,    1,    2,        2, 201, 155.025000,   FMn,        ,     0,      off,     1,rfgain5 scangrp1,all,           ,            ,    ,         0,   FMn,     0,       off
FREQ     ,   19,UC-911 Ops                    ,    1,    2,         , 202, 155.670000,   FMn,        ,     0,      Off,     1,rfgain5 scangrp1,all,           ,            ,    ,         0,   FMn,     0,       off 
FREQ     ,   20,UC 911 Dispatch               ,    1,    2,        2, 203, 155.220000,   FMn,        ,     0,      Off,     1,rfgain5 scangrp1,all,           ,            ,    ,         0,   FMn,     0,       off
FREQ     ,   21,EDACS direct                  ,    1,    2,         , 204, 853.487500,   FMn,        ,     0,      Off,     1,rfgain5 scangrp1,all,           ,            ,    ,         0,   FMn,     0,       off
##
### Ulster County Sheriff/Other PD (Group 5)
FREQ     ,   22,UC-Sheriff                    ,    1,    5,         , 505, 153.995000,   FMn,        ,     0,      Off,     1,rfgain7 scangrp1,all,           ,            ,    ,         0,   FMn,     0,       off
FREQ     ,   23,UC-Sheriff                    ,    1,    5,         , 506, 155.932500,   FMn,        ,     0,      Off,      ,rfgain7 scangrp1,all,           ,            ,    ,         0,   FMn,     0,       off 
FREQ     ,   24,UC-Sheriff-Car2Car            ,    1,    5,         , 507, 151.235000,   FMn,        ,     0,      Off,      ,rfgain7 scangrp1,all,           ,            ,    ,         0,   FMn,     0,       off
#
#** SUNY New Paltz
#** NOTE:ICOM radios cannot use these as they are DMR. 
FREQ     ,   25,NPltz Campus PD(DMR)          ,    0,    5,         ,  -1, 151.565000,   FMn,        ,     0,      Off,     1,          ,     DMR,            ,            ,    ,         0,   FMn,     0,       off
FREQ     ,   26,SUNY New Paltz                ,    1,    5,         ,  -1, 151.775000,   FMn,        ,     0,      Off,     1,          ,     ALL,            ,            ,    ,         0,   FMn,     0,       off
FREQ     ,   27,SUNY New Paltz                ,    1,    5,         ,  -1, 151.955000,   FMn,        ,     0,      Off,     1,          ,     ALL,            ,            ,    ,         0,   FMn,     0,       off
### Misc (Group 10) (No IC-705 scan) NOTE:This section positioned here so that KENWOOD channel assignment works
#
# These frequencies seem to be active when nothing happening
# So they are placed in group 10 (and the group is NOT part of Group scan)
FREQ     ,   28,Cltndl/Mdna FD-Ops            ,    1,   10,        2,1001, 464.787500,   FMn,        ,     0,      Off,      ,rfgain5   ,     all,            ,            ,    ,         0,   FMn,     0,       off
FREQ     ,   29,Clintondale FD-PD             ,    1,   10,        2,1002, 452.837500,   FMn,        ,     0,      Off,      ,rfgain5   ,     all,            ,            ,    ,         0,   FMn,     0,       off
FREQ     ,   30,Clintondale FD-FG             ,    1,   10,        2,1003, 451.362500,   FMn,        ,     0,      Off,      ,rfgain5   ,     all,            ,            ,    ,         0,   FMn,     0,       off
FREQ     ,   31,Modena FD-FG1                 ,    1,   10,        2,1004, 453.075000,   FMn,        ,     0,      Off,      ,rfgain5   ,     all,            ,            ,    ,         0,   FMn,     0,       off
FREQ     ,   32,Modena FD-FG2                 ,    1,   10,        2,1005, 453.087500,   FMn,        ,     0,      Off,      ,rfgain5   ,     all,            ,            ,    ,         0,   FMn,     0,       off
FREQ     ,   33,Modena FD-FG3                 ,    1,   10,        2,1006, 458.075000,   FMn,        ,     0,      Off,      ,rfgain5   ,     all,            ,            ,    ,         0,   FMn,     0,       off
FREQ     ,   34,Modena FD-PD                  ,    1,   10,        2,1007, 458.087500,   FMn,        ,     0,      Off,      ,rfgain5   ,     all,            ,            ,    ,         0,   FMn,     0,       off
FREQ     ,   35,Modena FD-MobRpt              ,    1,   10,        2,1008, 465.162500,   FMn,        ,     0,      Off,      ,rfgain5   ,     all,            ,            ,    ,         0,   FMn,     0,       off
FREQ     ,   36,Gardner FD-Opts               ,    1,   10,        2,1009, 453.550000,   FMn,        ,     0,      Off,      ,rfgain5   ,     all,            ,            ,    ,         0,   FMn,     0,       off
FREQ     ,   37,Gardner FD-Interior           ,    1,   10,        2,1010, 453.937500,   FMn,        ,     0,      Off,      ,rfgain5   ,     all,            ,            ,    ,         0,   FMn,     0,       off
FREQ     ,   38,Grdnr/Pltkl FD                ,    1,   10,        2,1011, 458.912500,   FMn,        ,     0,      Off,      ,rfgain5   ,     all,            ,            ,    ,         0,   FMn,     0,       off
FREQ     ,   39,Pltkil-FD-RPTR                ,    1,   10,        2,1012, 464.950000,   FMn,        ,     0,      Off,      ,rfgain5   ,     all,            ,            ,    ,         0,   FMn,     0,       off
FREQ     ,   40,Pltkil-FD-FG1                 ,    1,   10,        2,1013, 462.050000,   FMn,        ,     0,      Off,      ,rfgain5   ,     all,            ,            ,    ,         0,   FMn,     0,       off
FREQ     ,   41,Pltkil-FD-FG2                 ,    1,   10,        2,1014, 467.050000,   FMn,        ,     0,      Off,      ,rfgain5   ,     all,            ,            ,    ,         0,   FMn,     0,       off
FREQ     ,   42,Pltkil-FD-E47-30              ,    1,   10,        2,1015, 452.637500,   FMn,        ,     0,      Off,      ,rfgain5   ,     all,            ,            ,    ,         0,   FMn,     0,       off
FREQ     ,   43,Pltkil-FD-Car 47              ,    1,   10,        2,1016, 452.762500,   FMn,        ,     0,      Off,      ,rfgain5   ,     all,            ,            ,    ,         0,   FMn,     0,       off
FREQ     ,   44,Pltkil-FD-M47-36              ,    1,   10,        2,1017, 456.337500,   FMn,        ,     0,      Off,      ,rfgain5   ,     all,            ,            ,    ,         0,   FMn,     0,       off
FREQ     ,   45,Pltkil-FD-Amb                 ,    1,   10,        2,1018, 457.762500,   FMn,        ,     0,      Off,      ,rfgain5   ,     all,            ,            ,    ,         0,   FMn,     0,       off
FREQ     ,   46,Pltkil-FD-E47-10              ,    1,   10,        2,1019, 461.050000,   FMn,        ,     0,      Off,      ,rfgain5   ,     all,            ,            ,    ,         0,   FMn,     0,       off
FREQ     ,   47,Pltkil-FD-Car 47-1            ,    1,   10,        2,1020, 466.050000,   FMn,        ,     0,      Off,      ,rfgain5   ,     all,            ,            ,    ,         0,   FMn,     0,       off
*
#** EMS (Group 9) 
FREQ     ,   48,UC EMS Ops                    ,    1,    9,         , 901, 155.175000,   FMn,        ,     0,      Off,      ,rfgain7   ,     all,            ,            ,    ,         0,   FMn,     0,       off 
FREQ     ,   49,Mobile Life Tac 1             ,    1,    9,        2, 902, 468.012500,   FMn,        ,     0,      Off,      ,rfgain7   ,     all,            ,            ,    ,         0,   FMn,     0,       off
FREQ     ,   50,Mobile Life Tac 2             ,    1,    9,        2, 903, 468.037500,   FMn,        ,     0,      Off,      ,rfgain7   ,     all,            ,            ,    ,         0,   FMn,     0,       off
FREQ     ,   51,Mobile Life Tac 3             ,    1,    9,        2, 904, 468.062500,   FMn,        ,     0,      Off,      ,rfgain7   ,     all,            ,            ,    ,         0,   FMn,     0,       off
FREQ     ,   52,New Paltz-EMS                 ,    1,    9,         , 905, 153.125000,   FMn,        ,     0,      Off,      ,rfgain7   ,     all,            ,            ,    ,         0,   FMn,     0,       off
#**
#** Orange County (Group 3)
#** These are only Fire frequencies as OC has moved to CORENET
#** Kenwood renumber SHOULD start this at channel 50
FREQ     ,   53,Newburgh FD 2                 ,    1,    3,         , 301, 154.070000,   FMn,        ,     0,      off,      ,rfgain7   ,     all,            ,            ,    ,         0,   FMn,     0,       off
FREQ     ,   54,OC FD Disp                    ,    1,    3,         , 302, 154.205000,   FMn,        ,     0,      off,      ,rfgain7   ,     all,            ,            ,    ,         0,  Auto,     0,       off 
FREQ     ,   55,Cronomer Ops                  ,    1,    3,         , 303, 154.250000,   FMn,        ,     0,      off,      ,rfgain7   ,     all,            ,            ,    ,         0,   FMn,     0,       off
FREQ     ,   56,Newburgh FD 4                 ,    1,    3,         , 305, 154.385000,   FMn,        ,     0,      off,     0,rfgain7   ,     all,            ,            ,    ,         0,   FMn,     0,       off
FREQ     ,   57,Newburgh FD 3                 ,    1,    3,         , 306, 154.415000,   FMn,        ,     0,      off,     0,rfgain7   ,     all,            ,            ,    ,         0,   FMn,     0,       off
FREQ     ,   58,GoodWill FG                   ,    1,    3,        2, 307, 452.537500,   FMn,        ,     0,      off,     0,rfgain7   ,     all,            ,            ,    ,         0,   FMn,     0,       off
FREQ     ,   59,OC FP                         ,    1,    3,        2, 308, 453.137500,   FMn,        ,     0,      off,     0,rfgain5   ,     all,            ,            ,    ,         0,   FMn,     0,       off
FREQ     ,   60,VG FD Ops                     ,    1,    3,        2, 309, 453.600000,   FMn,        ,     0,      off,     0,rfgain5   ,     all,            ,            ,    ,         0,   FMn,     0,       off
FREQ     ,   61,OC City Cmd                   ,    1,    3,        2, 310, 453.687500,   FMn,        ,     0,      off,     0,rfgain3   ,     all,            ,            ,    ,         0,   FMn,     0,       off
FREQ     ,   62,OL/WL Ops 2                   ,    1,    3,        2, 311, 453.850000,   FMn,        ,     0,      off,     0,rfgain3   ,     all,            ,            ,    ,         0,   FMn,     0,       off
FREQ     ,   63,OC Cmd A                      ,    1,    3,        2, 312, 453.962500,   FMn,        ,     0,      off,     0,rfgain5   ,     all,            ,            ,    ,         0,   FMn,     0,       off
FREQ     ,   64,OC FG B                       ,    1,    3,        2, 313, 458.262500,   FMn,        ,     0,      off,     0,rfgain5   ,     all,            ,            ,    ,         0,   FMn,     0,       off
FREQ     ,   65,OC FG A                       ,    1,    3,        2, 314, 458.987500,   FMn,        ,     0,      off,     0,rfgain5   ,     all,            ,            ,    ,         0,   FMn,     0,       off
FREQ     ,   66,OL/WL Ops 1                   ,    1,    3,       24, 315, 460.075000,   FMn,        ,     0,      off,     0,rfgain3   ,     all,            ,            ,    ,         0,   FMn,     0,       off
FREQ     ,   67,CoH FD Ops                    ,    1,    3,        2, 316, 460.150000,   FMn,        ,     0,      off,     0,rfgain5   ,     all,            ,            ,    ,         0,   FMn,     0,       off
FREQ     ,   68,HghlndFls XB                  ,    1,    3,        2, 317, 460.475000,   FMn,        ,     0,      off,     0,rfgain5   ,     all,            ,            ,    ,         0,   FMn,     0,       off
FREQ     ,   69,Cronomer Ops                  ,    1,    3,        2, 318, 460.575000,   FMn,        ,     0,      off,     0,rfgain7   ,     all,            ,            ,    ,         0,   FMn,     0,       off
FREQ     ,   70,OC EM FG                      ,    1,    3,        2, 319, 460.587500,   FMn,        ,     0,      off,     0,rfgain5   ,     all,            ,            ,    ,         0,   FMn,     0,       off
FREQ     ,   71,Cronomer Xb                   ,    1,    3,        2, 320, 460.600000,   FMn,        , 123.0,    CTCSS,     0,          ,     all,            ,            ,    ,         0,   FMn,     0,       off 
FREQ     ,   72,VG|OL|WL FD FG                ,    1,    3,        2, 321, 460.612500,   FMn,        ,     0,      off,     0,rfgain3   ,     all,            ,            ,    ,         0,   FMn,     0,       off
FREQ     ,   73,OC Cmd B                      ,    1,    3,        2, 323, 465.587500,   FMn,        ,     0,      off,     0,rfgain3   ,     all,            ,            ,    ,         0,   FMn,     0,       off
FREQ     ,   74,OL/WL FG 2                    ,    1,    3,        2, 324, 465.612500,   FMn,        ,     0,      off,     0,rfgain5   ,     all,            ,            ,    ,         0,   FMn,     0,       off
FREQ     ,   75,FortMntg FG1                  ,    1,    3,        2, 325, 478.537500,   FMn,        ,     0,      off,     0,rfgain3   ,     all,            ,            ,    ,         0,   FMn,     0,       off
FREQ     ,   76,FortMntg FG2                  ,    1,    3,        2, 326, 481.537500,   FMn,        ,     0,      off,     0,rfgain5   ,     all,            ,            ,    ,         0,   FMn,     0,       off
## example of clearing out a channel  
FREQ     ,   77,reserved channel              ,    0,    3,         , 327,          0,  Auto,        ,     0,      off,     1,          ,        ,            ,            ,    ,         0,   FMn,     0,       off
#
#** Utilities/Highway (group 7) 
FREQ     ,   81,Central Hudson                ,    1,    7,         , 701,  48.060000,   FMn,        ,     0,      Off,     1,rfgain7   ,     all,            ,            ,    ,         0,   FMn,     0,       off              
FREQ     ,   82,Central Hudson                ,    1,    7,         , 702,  48.120000,   FMn,        ,     0,      Off,     1,rfgain7   ,     all,            ,            ,    ,         0,   FMn,     0,       off
FREQ     ,   83,Central Hudson                ,    1,    7,         , 703,  48.240000,   FMn,        ,     0,      Off,     1,rfgain7   ,     all,            ,            ,    ,         0,   FMn,     0,       off
FREQ     ,   84,Central Hudson Dispatch       ,    1,    7,         , 704,  47.920000,   FMn,        ,     0,      Off,     1,rfgain7   ,     all,            ,            ,    ,         0,   FMn,     0,       off                     
FREQ     ,   85,Central Hudson Field Crews    ,    1,    7,         , 705,  48.140000,   FMn,        ,     0,      Off,     1,rfgain7   ,     all,            ,            ,    ,         0,   FMn,     0,       off                          
FREQ     ,   86,Central Hudson                ,    1,    7,         , 706, 451.112500,   FMn,        ,     0,      Off,     1,rfgain7   ,     all,            ,            ,    ,         0,   FMn,     0,       off
FREQ     ,   87,Central Hudson                ,    1,    7,         , 707, 451.150000,   FMn,        ,     0,      Off,     1,rfgain7   ,     all,            ,            ,    ,         0,   FMn,     0,       off                          
FREQ     ,   88,Central Hudson                ,    1,    7,         , 708, 457.325000,   FMn,        ,     0,      Off,     1,rfgain7   ,     all,            ,            ,    ,         0,   FMn,     0,       off
#
#** Parks/Highway (Group 6)
FREQ     ,   91,NYParks Taconic Div           ,    1,    6,         , 601, 158.775000,   FMn,        ,     0,      Off,      ,rfgain7   ,     all,            ,            ,    ,         0,   FMn,     0,       off
FREQ     ,   92,NYParks Statewide             ,    1,    6,         , 602, 158.390000,   FMn,        ,     0,      Off,      ,rfgain7   ,     all,            ,            ,    ,         0,   FMn,     0,       off
FREQ     ,   93,NYParks Palisades Div         ,    1,    6,         , 603, 154.890000,   FMn,        ,     0,      Off,      ,rfgain7   ,     all,            ,            ,    ,         0,   FMn,     0,       off
#                                                                                                                                
FREQ     ,   94,Ulster Hiway                  ,    1,    6,         , 604, 156.120000,   FMn,        ,     0,      Off,      ,rfgain7   ,     all,            ,            ,    ,         0,   FMn,     0,       off
FREQ     ,   95,Ulster Hiway                  ,    1,    6,         , 605, 156.180000,   FMn,        ,     0,      Off,      ,rfgain7   ,     all,            ,            ,    ,         0,   FMn,     0,       off                                                                           
FREQ     ,   96,New Paltz Hiway               ,    1,    6,        4, 606, 154.040000,   FMn,        ,     0,      Off,      ,rfgain7   ,     all,            ,            ,    ,         0,   FMn,     0,       off
FREQ     ,   97,Lloyd Hiway                   ,    1,    6,         , 607, 156.980000,   FMn,        ,     0,      Off,      ,rfgain7   ,     all,            ,            ,    ,         0,   FMn,     0,       off
# Reserved channels to bring Kenwood to channel 100                                                                              
FREQ     ,   98,reserved channel              ,    0,    6,         , 608,          0,  Auto,        ,     0,      off,     1,          ,        ,            ,            ,    ,         0,   FMn,     0,       off
FREQ     ,   99,reserved channel              ,    0,    6,         , 609,          0,  Auto,        ,     0,      off,     1,          ,        ,            ,            ,    ,         0,   FMn,     0,       off
FREQ     ,  100,reserved channel              ,    0,    6,         , 610,          0,  Auto,        ,     0,      off,     1,          ,        ,            ,            ,    ,         0,   FMn,     0,       off
#
### Troop F has 3 zones:                                                                                                         
###   Zone1-Liberty, Zone2-Monroe, Zone-3-Kingston                                                                               
###  Zone 2 is now on CoRENET   
FREQ     ,  101,NYSP F-Trp MobZ3 (UC)         ,    1,    4,         , 401, 154.935000,   FMn,        ,     0,      off,      ,rfgain7 scangrp1,all,           ,            ,    ,         0,   FMn,     0,       off
FREQ     ,  102,NYSP F-Trp Base (UC)          ,    1,    4,         , 402, 155.535000,   FMn,        ,     0,      off,      ,rfgain7 scangrp1,all,           ,            ,    ,         0,   FMn,     0,       off
FREQ     ,  103,NYSP F-Trp MobRptr (UC)       ,    1,    4,         , 403, 853.950000,   FMn,        ,     0,      Off,      ,rfgain7 scangrp1,all,           ,            ,    ,         0,   FMn,     0,       off
## Troop K has 3 zones. Zone 1-Columbia 2-Dutchess, 3 Westchester                                                                
## Duplicate frequencies have different CTCSS tones
FREQ     ,  104,NYSP K-Trp MobZ1 (CC)         ,    1,    4,         , 404, 154.920000,   FMn,        , 127.3,    CTCSS,      ,rfgain7   ,     all,            ,            ,    ,         0,   FMn,     0,       off
FREQ     ,  105,NYSP K-Trp MobZ2 (DC)         ,    1,    4,         , 405, 154.920000,   FMn,        , 146.2,    CTCSS,      ,rfgain7   ,     all,            ,            ,    ,         0,   FMn,     0,       off
FREQ     ,  106,NYSP K-Trp MobZ3 (WC)         ,    1,    4,         , 406, 154.920000,   FMn,        , 167.9,    CTCSS,      ,rfgain7   ,     all,            ,            ,    ,         0,   FMn,     0,       off
FREQ     ,  107,NYSP K-Trp other              ,    1,    4,         , 407, 154.920000,   FMn,        , 110.9,    CTCSS,      ,rfgain7   ,     all,            ,            ,    ,         0,   FMn,     0,       off
FREQ     ,  108,NYSP K-Trp BASE               ,    1,    4,         , 408, 155.505000,   FMn,        , 110.9,    CTCSS,      ,rfgain7   ,     all,            ,            ,    ,         0,   FMn,     0,       off
FREQ     ,  109,NYSP K-Trp MobRptr            ,    1,    4,         , 409, 853.975000,   FMn,        ,     0,      Off,      ,rfgain7   ,     all,            ,            ,    ,         0,   FMn,     0,       off
#                                                                                                                                
FREQ     ,  110,NYSP Car-Car F2               ,    1,    4,         , 410, 154.665000,   FMn,        , 110.9,    CTCSS,     1,rfgain7 scangrp1,all,           ,            ,    ,         0,   FMn,     0,       off
FREQ     ,  111,NYSP StWide  F3               ,    1,    4,         , 411, 154.695000,   FMn,        ,     0,      Off,     1,rfgain7 scangrp1,all,           ,            ,    ,         0,   FMn,     0,       off
FREQ     ,  112,NYSP MRD     F5               ,    1,    4,         , 412, 155.370000,   FMn,        ,     0,      Off,     1,rfgain7 scangrp1,all,           ,            ,    ,         0,   FMn,     0,       off
FREQ     ,  113,Nat Emerg    F6               ,    1,    4,         , 413, 155.475000,   FMn,        ,     0,      Off,     2,rfgain7 scangrp1,all,           ,            ,    ,         0,   FMn,     0,       off
FREQ     ,  114,NYSP TAC-1                    ,    1,    4,         , 414, 154.920000,   FMn,        ,     0,      Off,     1,rfgain7   ,     all,            ,            ,    ,         0,   FMn,     0,       off
FREQ     ,  115,NYSP TAC-2                    ,    1,    4,        2, 415, 155.625000,   FMn,        , 110.9,    CTCSS,     1,rfgain7 scangrp1,all,           ,            ,    ,         0,   FMn,     0,       off
FREQ     ,  116,NYSP ExctSrvc                 ,    1,    4,         , 416, 155.460000,   FMn,        ,     0,      Off,     1,rfgain7 scangrp1,all,           ,            ,    ,         0,   FMn,     0,       off                                                                                  
FREQ     ,  117,DEC                           ,    1,    4,        a, 417, 151.430000,   FMn,        ,     0,      Off,      ,rfgain7 scangrp1,all,           ,            ,    ,         0,   FMn,     0,       off
FREQ     ,  118,DEC                           ,    1,    4,         , 418, 159.225000,   FMn,        ,     0,      Off,      ,rfgain7 scangrp1,all,           ,            ,    ,         0,   FMn,     0,       off
# Thruway   
FREQ     ,  119,Thruway                       ,    1,    4,         , 419, 453.425000,   FMn,        ,     0,      Off,      ,rfgain5   ,     all,            ,            ,    ,         0,   FMn,     0,       off
FREQ     ,  120,Thruway                       ,    1,    4,         , 420, 453.525000,   FMn,        ,     0,      Off,      ,rfgain7   ,     all,            ,            ,    ,         0,   FMn,     0,       off
FREQ     ,  121,Thruway-Input                 ,    1,    4,         , 421, 458.425000,   FMn,        ,     0,      Off,      ,rfgain7   ,     all,            ,            ,    ,         0,   FMn,     0,       off
FREQ     ,  122,Thruway-Input                 ,    1,    4,         , 422, 458.525000,   FMn,        ,     0,      Off,      ,rfgain7   ,     all,            ,            ,    ,         0,   FMn,     0,       off
# These MAY be encrypted                                                                                                                                                                                      
FREQ     ,  123,NYSP Secure  F8 (P25 Encryptd),    1,    4,        4, 423, 155.565000,   FMn,        ,     0,      Off,      ,rfgain3   ,     all,            ,            ,    ,         0,   FMn,     0,       off
FREQ     ,  124,NYSP P-P1 (P25 Encryptd)      ,    1,    4,         , 424, 769.943750,   FMn,        ,     0,      Off,      ,rfgain5   ,     all,            ,            ,    ,         0,   FMn,     0,       off
FREQ     ,  125,NYSP P-P2 (P25 Encryptd)      ,    1,    4,         , 425, 769.156250,   FMn,        ,     0,      Off,      ,rfgain5   ,     all,            ,            ,    ,         0,   FMn,     0,       off
FREQ     ,  126,NYSP Event 1 (P25 Encryptd)   ,    1,    4,         , 426, 769.193750,   FMn,        ,     0,      Off,      ,rfgain5   ,     all,            ,            ,    ,         0,   FMn,     0,       off
FREQ     ,  127,NYSP Event 2 (P25 Encryptd)   ,    1,    4,         , 427, 769.431250,   FMn,        ,     0,      Off,      ,rfgain5   ,     all,            ,            ,    ,         0,   FMn,     0,       off
FREQ     ,  128,NYSP Event 3 (p25 Encryptd)   ,    1,    4,         , 428, 773.593750,   FMn,        ,     0,      Off,      ,rfgain5   ,     all,            ,            ,    ,         0,   FMn,     0,       off
FREQ     ,  129,NYSP Event 4 (p25 Encryptd)   ,    1,    4,         , 429, 774.543750,   FMn,        ,     0,      Off,      ,rfgain5   ,     all,            ,            ,    ,         0,   FMn,     0,       off
FREQ     ,  130,NYSP Event 5 (p25 Encryptd)   ,    1,    4,         , 430, 774.831250,   FMn,        ,     0,      Off,      ,rfgain5   ,     all,  
#
#** Business (Group 8). These use DMR, so they will not decode in ICOM radios                                                                                                                                           
FREQ     ,  131,Mohonk                        ,    0,    8,         ,  -1, 151.655000,   FMn,        ,     0,      Off,      ,          ,     dmr,            ,            ,    ,         0,   FMn,     0,       off
FREQ     ,  132,Mohonk                        ,    0,    8,         ,  -1, 152.300000,   FMn,        ,     0,      Off,      ,          ,     dmr,            ,            ,    ,         0,   FMn,     0,       off
FREQ     ,  133,WP Tours                      ,    0,    8,         ,  -1, 159.825000,   FMn,        ,     0,      Off,      ,          ,     dmr,            ,            ,    ,         0,   FMn,     0,       off
FREQ     ,  134,WPDH remote                   ,    1,    8,         ,  -1, 161.700000,   FMn,        ,     0,      Off,      ,          ,     dmr,            ,            ,    ,         0,   FMn,     0,       off
FREQ     ,  135,Target ch 4                   ,    1,    8,         ,  -1, 467.187500,   FMn,        ,     0,      Off,      ,          ,     dmr,            ,            ,    ,         0,   FMn,     0,       off
FREQ     ,  136,Target ch 3                   ,    1,    8,         ,  -1, 467.462500,   FMn,        ,     0,      Off,      ,          ,     dmr,            ,            ,    ,         0,   FMn,     0,       off
FREQ     ,  137,Target ch 2                   ,    1,    8,         ,  -1, 467.487500,   FMn,        ,     0,      Off,      ,          ,     dmr,            ,            ,    ,         0,   FMn,     0,       off
FREQ     ,  138,Target ch 1                   ,    1,    8,         ,  -1, 467.512500,   FMn,        ,     0,      Off,      ,          ,     dmr,            ,            ,    ,         0,   FMn,     0,       off
