*RadioCtl   Data file generated: 09/26/2023 05:13am
*
*:QUICKKEY: SYSTEM_QK:01  (sysno=1 name=Ulster_Orange Conv)
*
*:RADIO:     SDS200/BCD325P2/ICR30/IC705
*:START: 
**                  Ulster/Orange County Conventional Frequencies
**
* This file has been designed to work with:
*     Uniden BCD325P2, Uniden SDS200,  ICOM IC-R30, ICOM-IC-705
*  Other radios should have separate files.
** Channel numbers have been set for the ICOM radios, as Uniden does not use the Channel number.
**
* Note the IC-R30 is easily overloaded (especially from DMR & NWS).
*  Most of the channels have RFGAIN set to 5 (or lower) for this radio.
*
* When storing into the BCD325P2, the Group quickkey will be converted to 0-9 by 'mod 10' conversion.
*  Also 'service' strings will be limited to 15 characters.
*
*
*** SVCODE is the number for the 'FuncTagId' as defined by the SDSx00 file specification
*** These numbers are values between 1-37 and 208-218. If this value is not set in
*** a 'C-Freq' or 'TGID' record, that record will NOT scan.
*** The logic used for setting this value:
***  If value in 'FREQ' record > 0 then use that value
***  Else if value in 'GROUP' record referenced >0 Then use that value
***  Else look for some keyword in the 'SERVICE' field.
***  If these fail, set code 1.
***
*
* NOTE:If this file is automatically processed, some fields as well as comments may be lost
* Also, do NOT include semi-colons in any comment or data record. Will drive .csv parser crazy!
*
*:STOP:
*********** RadioCtl Data Records *****************
* Records are in the format: 
*record_type,field1,field2,field3,....
*     or 
*record_type,key1=value,key2=value,...
* records starting with '*' or '#' are ignored
*rectypes:System,Site,TFreq,Group,Freq    (all case insensitive)
* At least one 'System' record is required for each file
*
*fields/keys:
*  Index: Unique number for the record
*  Valid: If 'F','0','N', record will not be scanned or selected in the radio
*  Service: Any string with any characters except ',' 
*  SystemType: (SYSTEM Records) =>cnv,ltr,eds,edw,edn,mots,motc,trbo,p25s,p25f,p25f,dmr,nxdn
*  Flags:Single Character turns on item. 
 *    Flags for FREQ records: 
*      'a'-Attenuation,'2'-Attenuate SDSx200 only,'3'-Attenuate BCD radios only,'4'-Attenuate IC-R30 only 
*      'g'-TGID is valid,'+'-Split frequency is + offset,'-'-Split frequency is - offset
*      'p'-Channel is a priority channel                                            
*    Flags for SYSTEM records: 
*      'f'-EDACS AFS format 
*      'h'-AGC_digital, 'i'-id_search (trunked systems), 'j'-AGC_analog, 'k'-data skip 
*      'o'-Control Channel only, 'p'-Turn on priority 
*  Dlyrsm:A number between -10 and +30. Negative number is Resume. 0 is Off
*  Sysno:SYSTEM record index. Required for SITE & GROUP records
*  Siteno:SITE record Index. Required for TFREQ records
*  Groupno:GROUP record Index. Required for FREQ records
*  Hld:(System/Site records). Time in seconds to hold on the system or site
*  Frequency:(FREQ & TFREQ records). Can be in Hz or MHz. MHz must have decimal point
*  Mode:Modulation:AM,FMw (Broadcast),FMn,FMun(2.5khz),LSB,USB
*  Lat/Lon: Decimal value  or DMS (DD:MM:SS.SS:direction)
*  P25wait:Time in ms to wait for a P25 decode to complete
*  Rf_filter:(SDS200 only) Global/Normal/Invert/Auto 
*  Channel - RadioCtl channel number. 0-9999 
*  _Extra field: ADTYPE=x - Uniden Audio type (0,1 or 2) UTAG=x - Uniden User tag (0-1000)
*                EMGALT=x - Uniden Emergency Alert (0-9) EMGLVL=x - Uniden Alert Level (0-15)
*                SVCODE - SDS200 Service code           RFGAIN=x - R30 Gain (1-10)
*
*Keywords are not case sensitive
*For keyword=value format, any keyword for the record not specified will be set to the default
*
*
*    #### System Definition #####
#:system:index,service,valid,systemtype,flags,dlyrsm,qkey,hld,_extra,p25wait,_rsvd,p25lvl,p25nac,end_code,fleetmap,custmap,
*SYSTEM  ,index,service                       ,valid,system,    flags,dlyrsm,qkey,hld,_extra    ,p25wait,_rsv,p25lvl,p25nac, end_code,fleetmap, custmap
SYSTEM   ,    1,Ulster_Orange Conv            ,    1,cnv   ,         ,     0,   1,  0,hpd=1     ,    400,    ,     5
*
*    ### Groups for Ulster_Orange Conv system (1). 
#:group:index,service,valid,sysno,flags,_rsvd,_extra,qkey,rf_filter,lat,lon,radius,_rsvd,
*GROUP   ,index,service                       ,valid,sysno,    flags,_rsv,_extra    ,qkey,rf_filter   ,lat         ,lon         ,radius      ,_rsv
GROUP    ,    1,Ulster Fire                   ,    1,    1,         ,    ,          ,   1 ### No scan for IC-703
GROUP    ,    2,Ulster 911                    ,    1,    1,         ,    ,scangrp=1 ,   2,            ,            ,            ,25          
GROUP    ,    3,Orange Fire-911               ,    1,    1,         ,    ,          ,   3 ### No scan for IC-705
GROUP    ,    4,NYState PD                    ,    1,    1,         ,    ,          ,   4 ### IC-705 wiill use individual scangroups
GROUP    ,    5,UC Sheriff/Other PD           ,    1,    1,         ,    ,scangrp=2 ,   5,            ,            ,            ,25          
GROUP    ,    6,Parks/Highway                 ,    1,    1,         ,    ,          ,   6 ### No scan for IC-705
GROUP    ,    7,Utilities                     ,    1,    1,         ,    ,          ,   7 ### No scan for IC-705
GROUP    ,    8,Business                      ,    0,    1,         ,    ,          ,   8 ### No scan for IC-705
GROUP    ,    9,EMS                           ,    1,    1,         ,    ,scangrp=1 ,   9,            ,            ,            ,25          
GROUP    ,   10,Ulster Other                  ,    1,    1,         ,    ,          ,   0 ### No scan for IC-705
*
*    #### All Frequencies for Ulster_Orange Conv system (1) ####
#:freq:index,service,valid,groupno,flags,channel,frequency,mode,tgid,tone,tone_type,dlyrsm,_extra,adtype,sfrequency,smode,stone,stone_type,
*FREQ    ,index,service                       ,valid,group,    flags,chan,  frequency,  mode,    tgid,  tone,tone_type,dlyrsm,_extra    ,  adtype,sfrequency, smode, stone,stone_type
FREQ     ,    1,UC Fire Control               ,    1,    1,        2, 101,  46.460000,   FMn,        ,   Off,      off,     1,rfgain=5  ,     all
# These are probably not used anymore, and they get a lot of interference from DC Fire, So they are marked as NOT valid
FREQ     ,    2,UC Fire F4                    ,    0,    1,         , 102,  46.280000,   FMn,        ,   Off,      off,     1,rfgain=5  ,     all
FREQ     ,    3,UC Fire F3                    ,    0,    1,         , 103,  46.300000,   FMn,        ,   Off,      off,     1,rfgain=5  ,     all
FREQ     ,    4,UC Fire F5                    ,    0,    1,         , 104,  46.320000,   FMn,        ,   Off,      off,     1,rfgain=5  ,     all
FREQ     ,    5,UC Fire Trucks                ,    0,    1,         , 105,  46.340000,   FMn,        ,   Off,      off,      ,rfgain=5  ,     all
FREQ     ,    6,Fire Mutual Aid               ,    0,    1,         , 106,  45.880000,   FMn,        ,   Off,      off,      ,rfgain=5  ,     all
FREQ     ,    7,UC Fire F6                    ,    0,    1,         , 107,  46.480000,   FMn,        ,   Off,      off,      ,rfgain=5  ,     all
## Marlboro Fire is now using UHF between trucks
FREQ     ,    8,UCFD C-C F1                   ,    1,    1,        2, 108, 453.562500,   FMn,        ,   Off,      off,      ,rfgain=5 scangrp=1,all #Also used by CT FD
FREQ     ,    9,UC Fire-Control UHF           ,    1,    1,        2, 109, 460.625000,   FMn,        ,   Off,      off,     1,rfgain=5 scangrp=1,all
FREQ     ,   10,Marlbro Fire-F2               ,    1,    1,        2, 110, 453.162500,   FMn,        ,   Off,      off,      ,rfgain=5 scangrp=1,all
FREQ     ,   11,Marlbro Fire-F3               ,    1,    1,        2, 111, 458.162500,   FMn,        ,   Off,      off,      ,rfgain=5 scangrp=1,all
### Older frequency listings (may be active)
FREQ     ,   12,Old listing for Marlbro Fire  ,    1,    1,        2, 112, 465.637500,   FMn,        ,   Off,      off,     1,rfgain=5 scangrp=1,all
FREQ     ,   13,Marlbro Fire-?                ,    1,    1,        2, 113, 460.537500,   FMn,        ,   Off,      off,      ,rfgain=5 scangrp=1,all
FREQ     ,   14,Marlbro Fire-?                ,    1,    1,        2, 114, 465.537500,   FMn,        ,   Off,      off,      ,rfgain=5 scangrp=1,all
FREQ     ,   15,Highland FD                   ,    1,    1,        2, 115, 460.112500,   FMn,        ,   Off,      off,      ,rfgain=5 scangrp=1,all
FREQ     ,   16,New Paltz-FG                  ,    1,    1,        2, 116, 468.975000,   FMn,        ,   Off,      off,      ,rfgain=5 scangrp=1,all
FREQ     ,   17,New Paltz-TownWide            ,    1,    1,        m, 117, 155.805000,   FMn,        ,   Off,      off,      ,rfgain=7  ,     all
#
### Ulster County 911 (Group 2)
## 155.0250 is getting overloaded with 155.220. Attenuation needed on SDS200 & IC-R30
FREQ     ,   18,UC-911(06-037)                ,    1,    2,        2, 201, 155.025000,   FMn,        ,   Off,      off,     1,rfgain=5 scangrp=1,all
FREQ     ,   19,UC-911 Ops                    ,    1,    2,         , 202, 155.670000,   FMn,        ,   Off,      off,     1,rfgain=5 scangrp=1,all ### Active 04/11/22
# 155.220 seems to get overloaded with 155.0250 & DMR. Attenuation needed on SDS200 & IC-R30
FREQ     ,   20,UC 911 Dispatch               ,    1,    2,        2, 203, 155.220000,   FMn,        ,   Off,      off,     1,rfgain=5 scangrp=1,all
FREQ     ,   21,EDACS direct                  ,    1,    2,         , 204, 853.487500,   FMn,        ,   Off,      off,     1,rfgain=5 scangrp=1,all
##
### Ulster County Sheriff/Other PD (Group 5)
FREQ     ,   22,UC-Sheriff                    ,    1,    5,        m, 205, 153.995000,   FMn,        ,   Off,      off,     1,rfgain=7 scangrp=1,all
FREQ     ,   23,UC-Sheriff                    ,    1,    5,        m, 206, 155.932500,   FMn,        ,   Off,      off,      ,rfgain=7 scangrp=1,all ## Active 11/17/20
FREQ     ,   24,UC-Sheriff-Car2Car            ,    1,    5,        m, 207, 151.235000,   FMn,        ,   Off,      off,      ,rfgain=7 scangrp=1,all
#** SUNY New Paltz
#** NOTE:Non-dyanmic radios cannot use these channels as they are DMR
FREQ     ,   25,NPltz Campus PD(DMR)          ,    0,    5,         ,  -1, 151.565000,   FMn,        ,   Off,      off,     1,          ,     all
FREQ     ,   26,SUNY New Paltz                ,    1,    5,         ,  -1, 151.775000,   FMn,        ,   Off,      off,     1,          ,     all
FREQ     ,   27,SUNY New Paltz                ,    1,    5,         ,  -1, 151.955000,   FMn,        ,   Off,      off,     1,          ,     all
#
# These frequencies seem to be active when nothing happening
# So they are placed in group 10 (and the group is NOT part of Group scan)
FREQ     ,   28,Cltndl/Mdna FD-Ops            ,    1,   10,        2,1001, 464.787500,   FMn,        ,   Off,      off,      ,rfgain=5  ,     all
FREQ     ,   29,Clintondale FD-PD             ,    1,   10,        2,1002, 452.837500,   FMn,        ,   Off,      off,      ,rfgain=5  ,     all
FREQ     ,   30,Clintondale FD-FG             ,    1,   10,        2,1003, 451.362500,   FMn,        ,   Off,      off,      ,rfgain=5  ,     all
FREQ     ,   31,Modena FD-FG1                 ,    1,   10,        2,1004, 453.075000,   FMn,        ,   Off,      off,      ,rfgain=5  ,     all
FREQ     ,   32,Modena FD-FG2                 ,    1,   10,        2,1005, 453.087500,   FMn,        ,   Off,      off,      ,rfgain=5  ,     all
FREQ     ,   33,Modena FD-FG3                 ,    1,   10,        2,1006, 458.075000,   FMn,        ,   Off,      off,      ,rfgain=5  ,     all
FREQ     ,   34,Modena FD-PD                  ,    1,   10,        2,1007, 458.087500,   FMn,        ,   Off,      off,      ,rfgain=5  ,     all
FREQ     ,   35,Modena FD-MobRpt              ,    1,   10,        2,1008, 465.162500,   FMn,        ,   Off,      off,      ,rfgain=5  ,     all
FREQ     ,   36,Gardner FD-Opts               ,    1,   10,        2,1009, 453.550000,   FMn,        ,   Off,      off,      ,rfgain=5  ,     all
FREQ     ,   37,Gardner FD-Interior           ,    1,   10,        2,1010, 453.937500,   FMn,        ,   Off,      off,      ,rfgain=5  ,     all
FREQ     ,   38,Grdnr/Pltkl FD                ,    1,   10,        2,1011, 458.912500,   FMn,        ,   Off,      off,      ,rfgain=5  ,     all
FREQ     ,   39,Pltkil-FD-RPTR                ,    1,   10,        2,1012, 464.950000,   FMn,        ,   Off,      off,      ,rfgain=5  ,     all
FREQ     ,   40,Pltkil-FD-FG1                 ,    1,   10,        2,1013, 462.050000,   FMn,        ,   Off,      off,      ,rfgain=5  ,     all
FREQ     ,   41,Pltkil-FD-FG2                 ,    1,   10,        2,1014, 467.050000,   FMn,        ,   Off,      off,      ,rfgain=5  ,     all
FREQ     ,   42,Pltkil-FD-E47-30              ,    1,   10,        2,1015, 452.637500,   FMn,        ,   Off,      off,      ,rfgain=5  ,     all
FREQ     ,   43,Pltkil-FD-Car 47              ,    1,   10,        2,1016, 452.762500,   FMn,        ,   Off,      off,      ,rfgain=5  ,     all
FREQ     ,   44,Pltkil-FD-M47-36              ,    1,   10,        2,1017, 456.337500,   FMn,        ,   Off,      off,      ,rfgain=5  ,     all
FREQ     ,   45,Pltkil-FD-Amb                 ,    1,   10,        2,1018, 457.762500,   FMn,        ,   Off,      off,      ,rfgain=5  ,     all
FREQ     ,   46,Pltkil-FD-E47-10              ,    1,   10,        2,1019, 461.050000,   FMn,        ,   Off,      off,      ,rfgain=5  ,     all
FREQ     ,   47,Pltkil-FD-Car 47-1            ,    1,   10,        2,1020, 466.050000,   FMn,        ,   Off,      off,      ,rfgain=5  ,     all

#** EMS (Group 9)  
FREQ     ,   48,UC EMS Ops                    ,    1,    9,        m, 901, 155.175000,   FMn,        ,   Off,      off,      ,rfgain=7  ,     all ## Activity 12/04/20
FREQ     ,   49,Mobile Life Tac 1             ,    1,    9,       m2, 902, 468.012500,   FMn,        ,   Off,      off,      ,rfgain=7  ,     all
FREQ     ,   50,Mobile Life Tac 2             ,    1,    9,       m2, 903, 468.037500,   FMn,        ,   Off,      off,      ,rfgain=7  ,     all
FREQ     ,   51,Mobile Life Tac 3             ,    1,    9,       m2, 904, 468.062500,   FMn,        ,   Off,      off,      ,rfgain=7  ,     all
FREQ     ,   52,New Paltz-EMS                 ,    1,    9,        m, 905, 153.125000,   FMn,        ,   Off,      off,      ,rfgain=7  ,     all
#**
#** Orange County (Group 3) (Not included in ICOM IC-705 scan)
#** NOTE:This is mostly Fire frequencies as OC has moved to CORENET
FREQ     ,   53,Newburgh FD 2                 ,    1,    3,        m, 301, 154.070000,   FMn,        ,   Off,      off,      ,rfgain=7  ,     all
FREQ     ,   54,OC FD Disp                    ,    1,    3,        m, 302, 154.205000,   FMn,        ,   Off,      off,      ,rfgain=7  ,     all ## Active 12/03/20
FREQ     ,   55,Cronomer Ops                  ,    1,    3,        m, 303, 154.250000,   FMn,        ,   Off,      off,      ,rfgain=7  ,     all
FREQ     ,   56,Newburgh FD 4                 ,    1,    3,        m, 305, 154.385000,   FMn,        ,   Off,      off,     0,rfgain=7  ,     all
FREQ     ,   57,Newburgh FD 3                 ,    1,    3,        m, 306, 154.415000,   FMn,        ,   Off,      off,     0,rfgain=7  ,     all
FREQ     ,   58,GoodWill FG                   ,    1,    3,       m2, 307, 452.537500,   FMn,        ,   Off,      off,     0,rfgain=7  ,     all
### DMR Overload on 452.1375 on IC-R30. Reduce to RFGAIN5
FREQ     ,   59,OC FP                         ,    1,    3,        2, 308, 453.137500,   FMn,        ,   Off,      off,     0,rfgain=5  ,     all
#FREQ     ,  161,Cronomer FD/East Fishkill    ,    1,    3,        2,  -1, 453.150000,FMn   ,        , 100.0,      off,     0,rfgain5,  
FREQ     ,   60,VG FD Ops                     ,    1,    3,        2, 309, 453.600000,   FMn,        ,   Off,      off,     0,rfgain=5  ,     all
FREQ     ,   61,OC City Cmd                   ,    1,    3,        2, 310, 453.687500,   FMn,        ,   Off,      off,     0,rfgain=3  ,     all
### 454.850 overloaded by DMR
FREQ     ,   62,OL/WL Ops 2                   ,    1,    3,        2, 311, 453.850000,   FMn,        ,   Off,      off,     0,rfgain=3  ,     all
FREQ     ,   63,OC Cmd A                      ,    1,    3,        2, 312, 453.962500,   FMn,        ,   Off,      off,     0,rfgain=5  ,     all
FREQ     ,   64,OC FG B                       ,    1,    3,        2, 313, 458.262500,   FMn,        ,   Off,      off,     0,rfgain=5  ,     all
FREQ     ,   65,OC FG A                       ,    1,    3,        2, 314, 458.987500,   FMn,        ,   Off,      off,     0,rfgain=5  ,     all
## This channel overloads with DMR on both SDS200 & IC-R30
FREQ     ,   66,OL/WL Ops 1                   ,    1,    3,       24, 315, 460.075000,   FMn,        ,   Off,      off,     0,rfgain=3  ,     all
#FREQ     ,  170,NW FD Ops                     ,    1,    3,         ,  -1, 460.125000,FMn   ,        , 110.9,      off,     0, 
FREQ     ,   67,CoH FD Ops                    ,    1,    3,        2, 316, 460.150000,   FMn,        ,   Off,      off,     0,rfgain=5  ,     all
FREQ     ,   68,HghlndFls XB                  ,    1,    3,        2, 317, 460.475000,   FMn,        ,   Off,      off,     0,rfgain=5  ,     all
FREQ     ,   69,Cronomer Ops                  ,    1,    3,       m2, 318, 460.575000,   FMn,        ,   Off,      off,     0,rfgain=7  ,     all
FREQ     ,   70,OC EM FG                      ,    1,    3,        2, 319, 460.587500,   FMn,        ,   Off,      off,     0,rfgain=5  ,     all
FREQ     ,   71,Cronomer Xb                   ,    1,    3,        2, 320, 460.600000,   FMn,        , 123.0,    ctcss,     0,          ,     all ## Active 01/05/22
FREQ     ,   72,VG|OL|WL FD FG                ,    1,    3,        2, 321, 460.612500,   FMn,        ,   Off,      off,     0,rfgain=3  ,     all
### This channel overloads with DMR 
FREQ     ,   73,OC Cmd B                      ,    1,    3,        2, 422, 465.587500,   FMn,        ,   Off,      off,     0,rfgain=3  ,     all
FREQ     ,   74,OL/WL FG 2                    ,    1,    3,        2, 423, 465.612500,   FMn,        ,   Off,      off,     0,rfgain=5  ,     all 
### This one overloads with DMR
FREQ     ,   75,FortMntg FG1                  ,    1,    3,        2, 424, 478.537500,   FMn,        ,   Off,      off,     0,rfgain=3  ,     all
FREQ     ,   76,FortMntg FG2                  ,    1,    3,        2, 425, 481.537500,   FMn,        ,   Off,      off,     0,rfgain=5  ,     all
#** Utilities/Highway (group 7)
FREQ     ,   77,Central Hudson                ,    1,    7,        m, 701,  48.060000,   FMn,        ,   Off,      off,     1,rfgain=7  ,     all ### Digital?
FREQ     ,   78,Central Hudson                ,    1,    7,        m, 702,  48.120000,   FMn,        ,   Off,      off,     1,rfgain=7  ,     all
FREQ     ,   79,Central Hudson                ,    1,    7,        m, 703,  48.240000,   FMn,        ,   Off,      off,     1,rfgain=7  ,     all
FREQ     ,   80,Central Hudson Dispatch       ,    1,    7,        m, 704,  47.920000,   FMn,        ,   Off,      off,     1,rfgain=7  ,     all ## Activity 11/17/21
FREQ     ,   81,Central Hudson Field Crews    ,    1,    7,        m, 705,  48.140000,   FMn,        ,   Off,      off,     1,rfgain=7  ,     all ## Activity 11/17/21
FREQ     ,   82,Central Hudson                ,    1,    7,        m, 706, 451.112500,   FMn,        ,   Off,      off,     1,rfgain=7  ,     all
FREQ     ,   83,Central Hudson                ,    1,    7,        m, 707, 451.150000,   FMn,        ,   Off,      off,     1,rfgain=7  ,     all ## Activity 12/04/10
FREQ     ,   84,Central Hudson                ,    1,    7,        m, 708, 457.325000,   FMn,        ,   Off,      off,     1,rfgain=7  ,     all
#                                                                                                                                      
#
#** Parks/Highway (Group 6)
FREQ     ,   85,NYParks Taconic Div           ,    1,    6,        m, 601, 158.775000,   FMn,        ,   Off,      off,      ,rfgain=7  ,     all
FREQ     ,   86,NYParks Statewide             ,    1,    6,        m, 602, 158.390000,   FMn,        ,   Off,      off,      ,rfgain=7  ,     all
FREQ     ,   87,NYParks Palisades Div         ,    1,    6,        m, 603, 154.890000,   FMn,        ,   Off,      off,      ,rfgain=7  ,     all
#                                                                                                                                
FREQ     ,   88,Ulster Hiway                  ,    1,    6,        m, 604, 156.120000,   FMn,        ,   Off,      off,      ,rfgain=7  ,     all
FREQ     ,   89,Ulster Hiway                  ,    1,    6,        m, 605, 156.180000,   FMn,        ,   Off,      off,      ,rfgain=7  ,     all
### Some distant agency adds to the noise on the R30                                                                             
FREQ     ,   90,New Paltz Hiway               ,    1,    6,       m4, 606, 154.040000,   FMn,        ,   Off,      off,      ,rfgain=7  ,     all
FREQ     ,   91,Lloyd Hiway                   ,    1,    6,        m, 607, 156.980000,   FMn,        ,   Off,      off,      ,rfgain=7  ,     all
# Reserved channels                                                                              
FREQ     ,   92,reserved channel              ,    0,    6,         , 608,          0,      ,        ,   Off,      off,     1
FREQ     ,   93,reserved channel              ,    0,    6,         , 609,          0,      ,        ,   Off,      off,     1
FREQ     ,   94,reserved channel              ,    0,    6,         , 610,          0,      ,        ,   Off,      off,     1
### Troop F has 3 zones:                                                                                                         
###   Zone1-Liberty, Zone2-Monroe, Zone-3-Kingston                                                                               
###  Zone 2 is now on CoRENET   
### For now, CTCSS squelch is turned off
FREQ     ,   95,NYSP F-Trp MobZ3 (UC)         ,    1,    4,        m, 401, 154.935000,   FMn,        ,   Off,      off,      ,rfgain=7 scangrp=1,all
FREQ     ,   96,NYSP F-Trp Base (UC)          ,    1,    4,        m, 402, 155.535000,   FMn,        ,   Off,      off,      ,rfgain=7 scangrp=1,all
FREQ     ,   97,NYSP F-Trp MobRptr (UC)       ,    1,    4,        m, 403, 853.950000,   FMn,        ,   Off,      off,      ,rfgain=7 scangrp=1,all
## Troop K has 3 zones. Zone 1-Columbia 2-Dutchess, 3 Westchester                                                                
## Mobile units seem to be repeated on the Base Frequency
## May not need to monitor Mobile freqs
## Duplicate frequencies have different PL tones
### The IC-705 will bypass scanning for Troop K, as Dutchess (and Westchester) are very busy
FREQ     ,   98,NYSP K-Trp MobZ1 (CC)         ,    1,    4,        m, 404, 154.920000,   FMn,        , 127.3,    ctcss,      ,rfgain=7  ,     all
FREQ     ,   99,NYSP K-Trp MobZ2 (DC)         ,    1,    4,        m, 405, 154.920000,   FMn,        , 146.2,    ctcss,      ,rfgain=7  ,     all
FREQ     ,  100,NYSP K-Trp MobZ3 (WC)         ,    1,    4,        m, 406, 154.920000,   FMn,        , 167.9,    ctcss,      ,rfgain=7  ,     all
FREQ     ,  101,NYSP K-Trp other              ,    1,    4,        m, 407, 154.920000,   FMn,        , 110.9,    ctcss,      ,rfgain=7  ,     all
FREQ     ,  102,NYSP K-Trp BASE               ,    1,    4,        m, 408, 155.505000,   FMn,        , 110.9,    ctcss,      ,rfgain=7  ,     all
FREQ     ,  103,NYSP K-Trp MobRptr            ,    1,    4,        m, 409, 853.975000,   FMn,        ,   Off,      off,      ,rfgain=7  ,     all
#                                                                                                                                
FREQ     ,  104,NYSP Car-Car F2               ,    1,    4,        m, 410, 154.665000,   FMn,        , 110.9,    ctcss,     1,rfgain=7 scangrp=1,all
FREQ     ,  105,NYSP StWide  F3               ,    1,    4,        m, 411, 154.695000,   FMn,        ,   Off,      off,     1,rfgain=7 scangrp=1,all
FREQ     ,  106,NYSP MRD     F5               ,    1,    4,        m, 412, 155.370000,   FMn,        ,   Off,      off,     1,rfgain=7 scangrp=1,all
FREQ     ,  107,Nat Emerg    F6               ,    1,    4,        m, 413, 155.475000,   FMn,        ,   Off,      off,     2,rfgain=7 scangrp=1,all
FREQ     ,  108,NYSP TAC-1                    ,    1,    4,        m, 414, 154.920000,   FMn,        ,   Off,      off,     1,rfgain=7  ,     all
FREQ     ,  109,NYSP TAC-2                    ,    1,    4,       m2, 415, 155.625000,   FMn,        , 110.9,    ctcss,     1,rfgain=7 scangrp=1,all
FREQ     ,  110,NYSP ExctSrvc                 ,    1,    4,        m, 416, 155.460000,   FMn,        ,   Off,      off,     1,rfgain=7 scangrp=1,all                                                                                 
FREQ     ,  111,DEC                           ,    1,    4,        m, 417, 151.430000,   FMn,        ,   Off,      off,      ,rfgain=7 scangrp=1,all
FREQ     ,  112,DEC                           ,    1,    4,        m, 418, 159.225000,   FMn,        ,   Off,      off,      ,rfgain=7 scangrp=1,all
# Thruway   
# For now, the Thruway is NOT included in the IC-705 scanning
FREQ     ,  113,Thruway                       ,    1,    4,         , 419, 453.425000,   FMn,        ,   Off,      off,      ,rfgain=5  ,     all
FREQ     ,  114,Thruway                       ,    1,    4,        m, 420, 453.525000,   FMn,        ,   Off,      off,      ,rfgain=7  ,     all
FREQ     ,  115,Thruway-Input                 ,    1,    4,        m, 421, 458.425000,   FMn,        ,   Off,      off,      ,rfgain=7  ,     all
FREQ     ,  116,Thruway-Input                 ,    1,    4,        m, 422, 458.525000,   FMn,        ,   Off,      off,      ,rfgain=7  ,     all
#                                                                                                                                
#### Since these are P25 encrypted, they may not be of any use                                                                                                                                         
## This one needs attenuation on R30. Otherwise overload from 155.640                                                            
FREQ     ,  117,NYSP Secure  F8 (P25 Encryptd),    1,    4,        4, 423, 155.565000,   FMn,        ,   Off,      off,      ,rfgain=3  ,     all
### None of these can be received by the IC=705, so no scan group here
FREQ     ,  118,NYSP P-P1 (P25 Encryptd)      ,    1,    4,         , 424, 769.943750,   FMn,        ,   Off,      off,      ,rfgain=5  ,     all
FREQ     ,  119,NYSP P-P2 (P25 Encryptd)      ,    1,    4,         , 425, 769.156250,   FMn,        ,   Off,      off,      ,rfgain=5  ,     all
FREQ     ,  120,NYSP Event 1 (P25 Encryptd)   ,    1,    4,         , 426, 769.193750,   FMn,        ,   Off,      off,      ,rfgain=5  ,     all
FREQ     ,  121,NYSP Event 2 (P25 Encryptd)   ,    1,    4,         , 427, 769.431250,   FMn,        ,   Off,      off,      ,rfgain=5  ,     all
FREQ     ,  122,NYSP Event 3 (p25 Encryptd)   ,    1,    4,         , 428, 773.593750,   FMn,        ,   Off,      off,      ,rfgain=5  ,     all
FREQ     ,  123,NYSP Event 4 (p25 Encryptd)   ,    1,    4,         , 429, 774.543750,   FMn,        ,   Off,      off,      ,rfgain=5  ,     all
FREQ     ,  124,NYSP Event 5 (p25 Encryptd)   ,    1,    4,         , 430, 774.831250,   FMn,        ,   Off,      off,      ,rfgain=5  ,     all
#** Business (Group 8). Not set in any non-dynamic radio                                                                                                                                            
FREQ     ,  125,Mohonk                        ,    0,    8,         ,  -1, 151.655000,   FMn,        ,   Off,      off,      ,          ,     dmr
FREQ     ,  126,Mohonk                        ,    0,    8,         ,  -1, 152.300000,   FMn,        ,   Off,      off,      ,          ,     dmr
FREQ     ,  127,WP Tours                      ,    0,    8,         ,  -1, 159.825000,   FMn,        ,   Off,      off,      ,          ,     dmr
FREQ     ,  128,WPDH remote                   ,    1,    8,         ,  -1, 161.700000,   FMn,        ,   Off,      off,      ,          ,     dmr
FREQ     ,  129,Target ch 4                   ,    1,    8,         ,  -1, 467.187500,   FMn,        ,   Off,      off,      ,          ,     dmr
FREQ     ,  130,Target ch 3                   ,    1,    8,         ,  -1, 467.462500,   FMn,        ,   Off,      off,      ,          ,     dmr
FREQ     ,  131,Target ch 2                   ,    1,    8,         ,  -1, 467.487500,   FMn,        ,   Off,      off,      ,          ,     dmr
FREQ     ,  132,Target ch 1                   ,    1,    8,         ,  -1, 467.512500,   FMn,        ,   Off,      off,      ,          ,     dmr


