*RadioCtl   Data file Created 04/06/2022                  
*
*:QUICKKEY:  02 - 1:"NYCOMCO EDACS"
*:START: * NYCOMCO EDACs
*
* This file has been designed to work with:
*     BCD325P2 & SDS200 without modification
*
*
* NOTE:When storing into the BCD325P2, the Group quickkey will be converted to 0-9 by 'mod 10' conversion.
*  Also 'service' strings will be limited to 15 characters.
*
*** S-TYPE field is the number for the 'FuncTagId' as defined by the SDSx00 file specification
*** These numbers are values between 1-37 and 208-218. If this value is not set in
*** a 'C-Freq' or 'TGID' record, that record will NOT scan.
*** The logic used for setting this value:
***  If value in 'FREQ' record > 0 then use that value
***  Else if value in 'GROUP' record referenced >0 Then use that value
***  Else set value of '3' ('Fire Dispatch')
***
*** Numbers defined in the spec are as follows:
** 1-Multi-Dispatch
** 2-Law Dispatch
** 3-Fire Dispatch
** 4-EMS Dispatch
** 5-non
** 6-Multi-Tac
** 7-Law Tac
** 8-Fire-Tac
** 9-EMS-Tac
**10-non
**11-Interop
**12-Hospital
**13-Ham
**14-Public Works
**15-Aircraft
**16-Federal
**17-Business
**18-non
**19-non
**20-Railroad
**21-Other
**22-Multi-Talk
**23-Law Talk
**24-Fire-Talk
**25-EMS-Talk
**26-Transportation
**27-non
**28-non
**29-Emergency Ops
**30-Military
**31-Media
**32-Schools
**33-Security
**34-Utilities
**35-non
**36-non
**37-Corrections
****Custom Service Type
**208-Custom 1
**209-Custom 2
**210-Custom 3
**211-Custom 4
**212-Custom 5
**213-Custom 6
**214-Custom 7
**215-Custom 8
**216-Racing Officials
*
* NOTE:If this file is automatically processed, some fields as well as comments may be lost
* Also, do NOT include semi-colons in any comment or data record. Will drive .csv parser crazy!
*
*:STOP:

*
*
*********** RadioCtl Data Records *****************
* Records are in the format: 
*record_type,field1,field2,field3,....
*     or 
*record_type,key1=value,key2=value,...
* records starting with '*' or '#' are ignored
*rectypes:System,Site,TFreq,Group,Freq    (all case insensitive)
* At least one 'System' record is required for each file
*
* Records that start with '*:rectype:' identify the field position for record type 'rectype'
*
*fields/keys:
*  Index: Unique number for the record
*  Valid: If 'F','0','N', record will not be scanned or selected in the radio
*  Service: Any string with any characters except ',' 
*  SystemType: (SYSTEM Records) =>cnv,ltr,eds,edw,edn,mots,motc,trbo,p25s,p25f,p25f,dmr,nxdn
*  Flags:Single Character turns on item. 
*    Flags for FREQ records: 
*      'a'-Attenuation,'2'-Attenuate SDSx200 only,'3'-Attenuate BCD radios only,'4'-Attenuate IC-R30 only 
*      'g'-TGID is valid,'+'-Split frequency is + offset,'-'-Split frequency is - offset
*      'p'-Channel is a priority channel                                            
*    Flags for SYSTEM records: 
*      'b'-Channel in FREQ record is Radio's ('bank-used'),'f'-EDACS AFS format 
*      'h'-AGC_digital, 'i'-id_search (trunked systems), 'j'-AGC_analog, 'k'-data skip 
*      'o'-Control Channel only, 'p'-Turn on priority,'q'-Quickkey is on (UNIDEN only) 
*  Dlyrsm:A number between -10 and +30. Negative number is Resume. 0 is Off
*  Sysno:System record index. Required for Site & Group records
*  Siteno:Site record Index. Required for TFreq records
*  Groupno:Group record Index. Required for Freq records
*  Hld:(System/Site records). Time in seconds to hold on the system or site
*  Frequency:(Freq & TFreq records). Can be in Hz or Mhz
*  Mode:Modulation:AM,FMw (Broadcast),FMn,FMun(2.5khz),LSB,USB
*  Latitude/Longitude:(Uniden Radios Only).Decimal value
*  P25wait:Time in ms to wait for a P25 decode to complete
*  Rf_filter:(SDS200 only) Global/Normal/Invert/Auto 
*  Scangrp: (ICOM only) Scan group number 
*  Channel - RadioCtl channel number. If 'b' flag set in system, Radio's channel in group
(  Extra: This field is used for values that are usually limited to one or two radios and is numeric.
*         Extra field data is in the format SSSn, where 'SSS' is some string and 'n' is a number.
*         If 'n' is 0, the value is turned off.
*         Extra strings:  'RFGAIN'  - ICOM R30 Gain 
*                         'SCANGRP' - ICOM IC-705 Scan group
*                         'SVCODE'  - Uniden Service code number
*
*Keywords are not case sensitive
*For keyword=value format, any keyword for the record not specified will be set to the default
*
*
*    #### System Definition #####
#:system:index,service,valid,systemtype,flags,dlyrsm,qkey,hld,_extra,p25wait,p25mode,p25lvl,p25nac,end_code,fleetmap,custmap,
SYSTEM   ,    1,NYCOMCO (EDACS)               ,    1,edw   ,        q,     2,   2,  2,    ,      0,   Auto,      ,      ,  Ignore,        ,  


*        ****** Sites for NYCOMCO (EDACS) system (1) *****
*rectype ,index,service                       ,valid,sysno,qkey,hld,    flags,  mode,latitude    ,longitude   ,range       ,p25wait,p25mode,p25lvl,p25nac,rf_filter   ,site_number,
SITE     ,    1,Millbrook                     ,    0,    1,   2,   ,         , Auto ,41.749170   ,-73.627500  ,15.0        ,       ,   Auto,      ,      ,Global      ,           ,          
*
*      ******* Frequencies for Millbrook site.
*rectype ,index,valid,siteno,  frequency, lcn,  mode,     ccode,    flags,
TFREQ    ,    1,    1,     1, 858.137500,   1,FMn   ,      Srch,         
TFREQ    ,    2,    1,     1, 859.137500,   2,FMn   ,      Srch,         
TFREQ    ,    3,    1,     1, 860.137500,   3,FMn   ,      Srch,         

*
*** THIS IS THE ONLY ENABLED SITE
*rectype ,index,service                       ,valid,sysno,qkey,hld,    flags,  mode,latitude    ,longitude   ,range       ,p25wait,p25mode,p25lvl,p25nac,rf_filter   ,site_number,
SITE     ,    2,Mt Beacon                     ,    1,    1,   2,   ,         , Auto ,41.488890   ,-73.948330  ,15.0        ,       ,   Auto,      ,      ,Global      ,           ,          
*
*      ******* Frequencies for Mt Beacon site.
*rectype ,index,valid,siteno,  frequency, lcn,  mode,     ccode,    flags,
TFREQ    ,    4,    1,     2, 857.187500,   2,FMn   ,      Srch,         
TFREQ    ,    5,    1,     2, 857.712500,   3,FMn   ,      Srch,         
TFREQ    ,    6,    1,     2, 854.137500,   4,FMn   ,      Srch,         
TFREQ    ,    7,    1,     2, 858.187500,   7,FMn   ,      Srch,         
TFREQ    ,    8,    1,     2, 859.187500,   8,FMn   ,      Srch,         
TFREQ    ,    9,    1,     2, 860.187500,   9,FMn   ,      Srch,         
*
*
*
*rectype ,index,service                       ,valid,sysno,qkey,hld,    flags,  mode,latitude    ,longitude   ,range       ,p25wait,p25mode,p25lvl,p25nac,rf_filter   ,site_number,
SITE     ,    3,Port Ewen                     ,    0,    1,   2,   ,         , Auto ,41.895560   ,-73.991940  ,15.0        ,       ,   Auto,      ,      ,Global      ,           ,          
*
*      ******* Frequencies for Port Ewen site.
*rectype ,index,valid,siteno,  frequency, lcn,  mode,     ccode,    flags,
TFREQ    ,   10,    1,     3, 855.487500,   1,FMn   ,      Srch,         
TFREQ    ,   11,    1,     3, 858.737500,   2,FMn   ,      Srch,         
TFREQ    ,   12,    1,     3, 858.987500,   3,FMn   ,      Srch,         
TFREQ    ,   13,    1,     3, 859.737500,   4,FMn   ,      Srch,         
TFREQ    ,   14,    1,     3, 859.387500,   5,FMn   ,      Srch,         
TFREQ    ,   15,    1,     3, 856.137500,   6,FMn   ,      Srch,         
TFREQ    ,   16,    1,     3, 857.137500,   7,FMn   ,      Srch,         

*
*rectype ,index,service                       ,valid,sysno,qkey,hld,    flags,  mode,latitude    ,longitude   ,range       ,p25wait,p25mode,p25lvl,p25nac,rf_filter   ,site_number,
SITE     ,    4,Sam's Point                   ,    0,    1,   2,   ,         , Auto ,41.683970   ,-74.355970  ,15.0        ,       ,   Auto,      ,      ,Global      ,           ,          
*
*      ******* Frequencies for Sam's Point site.
*rectype ,index,valid,siteno,  frequency, lcn,  mode,     ccode,    flags,
TFREQ    ,   17,    1,     4, 854.462500,   1,FMn   ,      Srch,         
TFREQ    ,   18,    1,     4, 858.837500,   2,FMn   ,      Srch,         
TFREQ    ,   19,    1,     4, 856.562500,   3,FMn   ,      Srch,         
TFREQ    ,   20,    1,     4, 857.562500,   4,FMn   ,      Srch,         
TFREQ    ,   21,    1,     4, 859.562500,   5,FMn   ,      Srch,         
TFREQ    ,   22,    1,     4, 860.562500,   6,FMn   ,      Srch,         

*
* Schunnemunk Mtn is in Orange County
*rectype ,index,service                       ,valid,sysno,qkey,hld,    flags,  mode,latitude    ,longitude   ,range       ,p25wait,p25mode,p25lvl,p25nac,rf_filter   ,site_number,
SITE     ,    5,Schunnemunk Mtn               ,    0,    1,   2,   ,         , Auto ,41.377580   ,-74.131110  ,15.0        ,       ,   Auto,      ,      ,Global      ,           ,          
*
*      ******* Frequencies for Schunnemunk Mtn site.
*rectype ,index,valid,siteno,  frequency, lcn,  mode,     ccode,    flags,
TFREQ    ,   23,    1,     5, 856.112500,   1,FMn   ,      Srch,         
TFREQ    ,   24,    1,     5, 859.037500,   2,FMn   ,      Srch,         
TFREQ    ,   25,    1,     5, 857.112500,   4,FMn   ,      Srch,         
TFREQ    ,   26,    1,     5, 858.637500,   5,FMn   ,      Srch,         

* Walker Mtn is in Highland
*rectype ,index,service                       ,valid,sysno,qkey,hld,    flags,  mode,latitude    ,longitude   ,range       ,p25wait,p25mode,p25lvl,p25nac,rf_filter   ,site_number,
SITE     ,    6,Walker Mtn                    ,    0,    1,   2,   ,         , Auto ,41.699440   ,-74.002780  ,15.0        ,       ,   Auto,      ,      ,Global      ,           ,          
*
*      ******* Frequencies for Walker Mtn site.
*rectype ,index,valid,siteno,  frequency, lcn,  mode,     ccode,    flags,
TFREQ    ,   27,    1,     6, 854.412500,   1,FMn   ,      Srch,         
TFREQ    ,   28,    1,     6, 860.887500,   2,FMn   ,      Srch,         
TFREQ    ,   29,    1,     6, 858.037500,   3,FMn   ,      Srch,         
TFREQ    ,   30,    1,     6, 860.112500,   4,FMn   ,      Srch,         
TFREQ    ,   31,    1,     6, 859.112500,   6,FMn   ,      Srch,         
TFREQ    ,   32,    1,     6, 858.112500,   7,FMn   ,      Srch,         
TFREQ    ,   33,    1,     6, 857.037500,   9,FMn   ,      Srch,         
TFREQ    ,   34,    1,     6, 855.312500,  11,FMn   ,      Srch,         
TFREQ    ,   35,    1,     6, 859.887500,  12,FMn   ,      Srch,         
TFREQ    ,   36,    1,     6, 855.962500,  13,FMn   ,      Srch,         
TFREQ    ,   37,    1,     6, 859.787500,  14,FMn   ,      Srch,         
*
*
***************** Group record assignments  *********************
*
*    ### Groups for NYCOMCO-EDACs Ulster system (1). 
#:group:index,service,valid,sysno,flags,igrp,_extra,gqkey,rf_filter,latitude,longitude,range,
GROUP    ,    1,Ulster County 911             ,    1,    1,         ,    ,svcode3,   01,            ,            ,            ,            
GROUP    ,    2,Lloyd PD                      ,    1,    1,         ,    ,svcode2,   02,            ,            ,            ,            
GROUP    ,    3,New Paltz/Other PD            ,    1,    1,         ,    ,svcode2,   03,            ,            ,            ,            
GROUP    ,    4,Pough City PD                 ,    0,    1,         ,    ,svcode2,   04,            ,            ,            ,            
GROUP    ,    5,Pough Town PD                 ,    0,    1,         ,    ,svcode2,   05,            ,            ,            ,            
GROUP    ,    6,Marlboro PD                   ,    1,    1,         ,    ,svcode2,   06,            ,            ,            ,            
GROUP    ,    7,Hiway/Misc                    ,    1,    1,         ,    ,svcode2,   07,            ,            ,            ,            
GROUP    ,    8,Business                      ,    0,    1,         ,    ,svcode2,   08,            ,            ,            ,            
GROUP    ,    9,Dutchess PD                   ,    0,    1,         ,    ,svcode17,   09,            ,            ,            ,            
GROUP    ,   10,Other                         ,    1,    1,         ,    ,svcode21,   00,            ,            ,            ,           

*    #### All TGIDs for NYCOMCO (EDACS) system (1) ####  
#:freq:index,service,valid,groupno,flags,channel,frequency,mode,tgid,tone,tone_type,dlyrsm,_extra,sfrequency,smode,stone,stone_type,
*               service                        valid group    flags  channel  freq    mode     TGID    tone  tone_type dlyrsm extra sfreq     smode  stone  stone_type
FREQ     ,    1,NYCOMCO                       ,    1,   10,        g,  85,          0,     -,  02-005,   off,      off,      ,    ,          ,     -,      ,          
FREQ     ,    2,RadioTech262                  ,    1,   10,        g,  86,          0,     -,  02-006,   off,      off,      ,    ,          ,     -,      ,          
FREQ     ,    3,RadioTech263                  ,    1,   10,        g,  87,          0,     -,  02-007,   off,      off,      ,    ,          ,     -,      ,          
FREQ     ,    4,Oil Delivery                  ,    1,    8,        g,  88,          0,     -,  02-023,   off,      off,      ,    ,          ,     -,      ,          
FREQ     ,    5,Veterinarian                  ,    1,    8,        g,  89,          0,     -,  02-027,   off,      off,      ,    ,          ,     -,      ,          
FREQ     ,    6,Towing                        ,    1,    8,        g,  90,          0,     -,  02-033,   off,      off,      ,    ,          ,     -,      ,          
FREQ     ,    7,1st Student                   ,    1,    8,        g,  91,          0,     -,  02-035,   off,      off,      ,    ,          ,     -,      ,          
FREQ     ,    8,Dingees Tow                   ,    1,    8,        g,  92,          0,     -,  02-055,   off,      off,      ,    ,          ,     -,      ,          
FREQ     ,    9,Dingees Tow                   ,    1,    8,        g,  93,          0,     -,  02-056,   off,      off,      ,    ,          ,     -,      ,          
FREQ     ,   10,Radio repair                  ,    1,    8,        g,  94,          0,     -,  02-066,   off,      off,      ,    ,          ,     -,      ,          
FREQ     ,   11,Towing                        ,    1,    8,        g,  95,          0,     -,  02-067,   off,      off,      ,    ,          ,     -,      ,          
FREQ     ,   12,School Bus                    ,    1,    8,        g,  96,          0,     -,  02-081,   off,      off,      ,    ,          ,     -,      ,          
FREQ     ,   13,BCS Maintnce                  ,    1,    8,        g,  97,          0,     -,  02-082,   off,      off,      ,    ,          ,     -,      ,          
FREQ     ,   14,Juke Box Rpr                  ,    1,    8,        g,  98,          0,     -,  02-085,   off,      off,      ,    ,          ,     -,      ,          
FREQ     ,   15,Oil delivery                  ,    1,    8,        g,  99,          0,     -,  02-097,   off,      off,      ,    ,          ,     -,      ,          
FREQ     ,   16,Contractor                    ,    1,    8,        g, 100,          0,     -,  02-117,   off,      off,      ,    ,          ,     -,      ,          
FREQ     ,   17,Budget Tow                    ,    1,    8,        g, 101,          0,     -,  02-121,   off,      off,      ,    ,          ,     -,      ,          
FREQ     ,   18,NYCOMCO                       ,    1,   10,        g, 102,          0,     -,  02-126,   off,      off,      ,    ,          ,     -,      ,          
FREQ     ,   19,Remodelers                    ,    1,    8,        g, 103,          0,     -,  02-127,   off,      off,      ,    ,          ,     -,      ,          
FREQ     ,   20,Towing                        ,    1,    8,        g, 104,          0,     -,  02-132,   off,      off,      ,    ,          ,     -,      ,          
FREQ     ,   21,Towing                        ,    1,    8,        g, 105,          0,     -,  02-133,   off,      off,      ,    ,          ,     -,      ,          
FREQ     ,   22,Service Tow                   ,    1,    8,        g, 106,          0,     -,  02-135,   off,      off,      ,    ,          ,     -,      ,          
FREQ     ,   23,Towing                        ,    1,    8,        g, 107,          0,     -,  02-136,   off,      off,      ,    ,          ,     -,      ,          
FREQ     ,   24,Plumber                       ,    1,    8,        g, 108,          0,     -,  02-137,   off,      off,      ,    ,          ,     -,      ,          
FREQ     ,   25,Brower Taxi                   ,    1,    8,        g, 109,          0,     -,  02-145,   off,      off,      ,    ,          ,     -,      ,          
FREQ     ,   26,Pumber                        ,    1,    8,        g, 110,          0,     -,  02-152,   off,      off,      ,    ,          ,     -,      ,          
FREQ     ,   27,School Secur                  ,    1,    8,        g, 111,          0,     -,  02-155,   off,      off,      ,    ,          ,     -,      ,          
FREQ     ,   28,School Buses                  ,    1,    8,        g, 112,          0,     -,  02-156,   off,      off,      ,    ,          ,     -,      ,          
FREQ     ,   29,Hwy Dept                      ,    1,    7,        g, 113,          0,     -,  03-022,   off,      off,      ,    ,          ,     -,      ,          
FREQ     ,   30,Hwy Dept                      ,    1,    7,        g, 114,          0,     -,  03-024,   off,      off,      ,    ,          ,     -,      ,          
FREQ     ,   31,Aging Buses                   ,    1,    8,        g, 130,          0,     -,  03-072,   off,      off,      ,    ,          ,     -,      ,          
FREQ     ,   32,Reg Interop                   ,    1,    3,        g, 148,          0,     -,  04-012,   off,      off,      ,    ,          ,     -,      ,          
FREQ     ,   33,Police M/A                    ,    1,    3,        g, 171,          0,     -,  04-050,   off,      off,      ,    ,          ,     -,      ,          
FREQ     ,   34,NYS Parole                    ,    1,    3,        g, 173,          0,     -,  04-054,   off,      off,      ,    ,          ,     -,      ,          
FREQ     ,   35,Dvlpmt Assoc                  ,    1,   10,        g, 222,          0,     -,  04-137,   off,      off,      ,    ,          ,     -,      ,          
FREQ     ,   36,SUNY PD NP                    ,    1,    3,        g, 255,          0,     -,  06-016,   off,      off,      ,    ,          ,     -,      ,          
FREQ     ,   37,NewPaltz PD                   ,    1,    3,        g, 256,          0,     -,  06-017,   off,      off,      ,    ,          ,     -,      ,          
FREQ     ,   38,NewPaltzDisp                  ,    1,    3,        g, 257,          0,     -,  06-021,   off,      off,      ,    ,          ,     -,      ,          
FREQ     ,   39,NewPltzEmrg                   ,    1,    3,        g, 258,          0,     -,  06-022,   off,      off,      ,    ,          ,     -,      ,          
FREQ     ,   40,NewPaltz PD                   ,    1,    3,        g, 259,          0,     -,  06-024,   off,      off,      ,    ,          ,     -,      ,          
FREQ     ,   41,NewPaltz PD                   ,    1,    3,        g, 260,          0,     -,  06-025,   off,      off,      ,    ,          ,     -,      ,          
FREQ     ,   42,Marlboro PD Dispatch          ,    1,    6,        g, 261,          0,     -,  06-030,   off,      off,     2,emgalt5 emglvl4,          ,     -,      ,          
FREQ     ,   43,Marlboro PD Emergency         ,    1,    6,        g, 262,          0,     -,  06-031,   off,      off,     1,emgalt7 emglvl4,          ,     -,      ,          
FREQ     ,   44,Marlboro PD I-Calls           ,    1,    6,        g, 263,          0,     -,   i6031,   off,      off,     1,emgalt4 emglvl4,          ,     -,      ,          
FREQ     ,   45,Marlboro PD I-Calls           ,    1,    6,        g, 264,          0,     -,   i6032,   off,      off,     1,emgalt4 emglvl4,          ,     -,      ,          
FREQ     ,   46,Marlboro PD I-Calls           ,    1,    6,        g, 265,          0,     -,   i6033,   off,      off,     1,emgalt4 emglvl4,          ,     -,      ,          
FREQ     ,   47,Marlboro PD I-Calls           ,    1,    6,        g, 266,          0,     -,   i6034,   off,      off,     1,    ,          ,     -,      ,          
FREQ     ,   48,Marlboro PD I-Calls           ,    1,    6,        g, 267,          0,     -,   i6035,   off,      off,     1,    ,          ,     -,      ,          
FREQ     ,   49,Marlboro PD I-Calls           ,    1,    6,        g, 268,          0,     -,   i6036,   off,      off,     1,    ,          ,     -,      ,          
FREQ     ,   50,Marlboro PD I-Calls           ,    1,    6,        g, 269,          0,     -,   i6067,   off,      off,     1,    ,          ,     -,      ,          
FREQ     ,   51,Marlboro PD I-Calls           ,    1,    6,        g, 270,          0,     -,   i6069,   off,      off,     1,    ,          ,     -,      ,          
FREQ     ,   52,Marlboro PD I-Calls           ,    1,    6,        g, 271,          0,     -,   i6255,   off,      off,     1,    ,          ,     -,      ,          
FREQ     ,   53,Marlboro PD I-Calls           ,    1,    6,        g, 272,          0,     -,   i6311,   off,      off,     1,    ,          ,     -,      ,          
FREQ     ,   54,Marlboro PD I-Calls           ,    1,    6,        g, 273,          0,     -,   i6533,   off,      off,     1,    ,          ,     -,      ,          
FREQ     ,   55,UlsterMRD800                  ,    1,    1,        g, 274,          0,     -,  06-036,   off,      off,     1,    ,          ,     -,      ,          
FREQ     ,   56,Ulster 911                    ,    1,    1,        g, 275,          0,     -,  06-037,   off,      off,     1,    ,          ,     -,      ,          
FREQ     ,   57,KingstonDisp                  ,    1,    3,        g, 276,          0,     -,  06-041,   off,      off,      ,    ,          ,     -,      ,          
FREQ     ,   58,KingstonEmrg                  ,    1,    3,        g, 277,          0,     -,  06-042,   off,      off,      ,    ,          ,     -,      ,          
FREQ     ,   59,Kingston c/c                  ,    1,    3,        g, 278,          0,     -,  06-043,   off,      off,      ,    ,          ,     -,      ,          
FREQ     ,   60,Kingston P2                   ,    1,    3,        g, 279,          0,     -,  06-044,   off,      off,      ,    ,          ,     -,      ,          
FREQ     ,   61,Kingston SE                   ,    1,    3,        g, 280,          0,     -,  06-045,   off,      off,      ,    ,          ,     -,      ,          
FREQ     ,   62,KingstonDet1                  ,    1,    3,        g, 281,          0,     -,  06-046,   off,      off,      ,    ,          ,     -,      ,          
FREQ     ,   63,KingstonTAC1                  ,    1,    3,        g, 282,          0,     -,  06-047,   off,      off,      ,    ,          ,     -,      ,          
FREQ     ,   64,KingstonTAC2                  ,    1,    3,        g, 283,          0,     -,  06-050,   off,      off,      ,    ,          ,     -,      ,          
FREQ     ,   65,KingstonCW1                   ,    1,    3,        g, 284,          0,     -,  06-051,   off,      off,      ,    ,          ,     -,      ,          
FREQ     ,   66,KingstonDet2                  ,    1,    3,        g, 285,          0,     -,  06-053,   off,      off,      ,    ,          ,     -,      ,          
FREQ     ,   67,KingstnNarc2                  ,    1,    3,        g, 286,          0,     -,  06-057,   off,      off,      ,    ,          ,     -,      ,          
FREQ     ,   68,Ulster Jail                   ,    1,    3,        g, 287,          0,     -,  06-062,   off,      off,      ,    ,          ,     -,      ,          
FREQ     ,   69,Ulster Jail                   ,    1,    3,        g, 288,          0,     -,  06-063,   off,      off,      ,    ,          ,     -,      ,          
FREQ     ,   70,Ulster Shrf                   ,    1,    3,        g, 289,          0,     -,  06-064,   off,      off,      ,    ,          ,     -,      ,          
FREQ     ,   71,LloydPD Disp                  ,    1,    2,        g, 290,          0,     -,  06-066,   off,      off,     1,    ,          ,     -,      ,          
FREQ     ,   72,LloydPD Emrg                  ,    1,    2,        g, 291,          0,     -,  06-067,   off,      off,      ,    ,          ,     -,      ,          
FREQ     ,   73,Lloyd PD                      ,    1,    2,        g, 292,          0,     -,  06-071,   off,      off,      ,    ,          ,     -,      ,          
FREQ     ,   74,Ulster Bldg                   ,    1,   10,        g, 293,          0,     -,  06-074,   off,      off,      ,    ,          ,     -,      ,          
FREQ     ,   75,UlsterBdg Sc                  ,    1,   10,        g, 294,          0,     -,  06-075,   off,      off,      ,    ,          ,     -,      ,          
FREQ     ,   76,UC Family Court               ,    1,   10,        g, 295,          0,     -,  06-077,   off,      off,      ,    ,          ,     -,      ,          
FREQ     ,   77,Twn UlsterPD                  ,    1,    3,        g, 296,          0,     -,  06-084,   off,      off,      ,    ,          ,     -,      ,          
FREQ     ,   78,Twn UlsterPD Tac1             ,    1,    3,        g, 297,          0,     -,  06-085,   off,      off,      ,    ,          ,     -,      ,          
FREQ     ,   79,Twn UlsterPD Detv             ,    1,    3,        g, 298,          0,     -,  06-090,   off,      off,      ,    ,          ,     -,      ,          
FREQ     ,   80,Twn UlsterPD Emrg             ,    1,    3,        g, 299,          0,     -,  06-091,   off,      off,      ,    ,          ,     -,      ,          
FREQ     ,   81,Twn UlsterPD Tac2             ,    1,    3,        g, 300,          0,     -,  06-092,   off,      off,      ,    ,          ,     -,      ,          
FREQ     ,   82,UC Mental Health              ,    1,   10,        g, 301,          0,     -,  06-093,   off,      off,      ,    ,          ,     -,      ,          
FREQ     ,   83,UC Administration             ,    1,   10,        g, 302,          0,     -,  06-094,   off,      off,      ,    ,          ,     -,      ,          
FREQ     ,   84,HighlandsCmd                  ,    1,    1,        g, 303,          0,     -,  06-097,   off,      off,      ,    ,          ,     -,      ,          
FREQ     ,   85,Twn Ulster Trafic             ,    1,    7,        g, 304,          0,     -,  06-101,   off,      off,      ,    ,          ,     -,      ,          
FREQ     ,   86,Shwngk Twn                    ,    1,    3,        g, 305,          0,     -,  06-105,   off,      off,      ,    ,          ,     -,      ,          
FREQ     ,   87,Shwngk Twn                    ,    1,    3,        g, 306,          0,     -,  06-106,   off,      off,      ,    ,          ,     -,      ,          
FREQ     ,   88,Kngstn City Hiwy              ,    1,    7,        g, 307,          0,     -,  06-107,   off,      off,      ,    ,          ,     -,      ,          
FREQ     ,   89,Kngstn City Park              ,    1,    7,        g, 308,          0,     -,  06-112,   off,      off,      ,    ,          ,     -,      ,          
FREQ     ,   90,Kngstn City Bus               ,    1,    7,        g, 309,          0,     -,  06-113,   off,      off,      ,    ,          ,     -,      ,          
FREQ     ,   91,Kngstn Cty Fire 1             ,    1,    1,        g, 310,          0,     -,  06-117,   off,      off,      ,    ,          ,     -,      ,          
FREQ     ,   92,Kngstn Cty Fire               ,    1,    1,        g, 311,          0,     -,  06-120,   off,      off,      ,    ,          ,     -,      ,          
FREQ     ,   93,Kngstn Cty Fire               ,    1,    1,        g, 312,          0,     -,  06-121,   off,      off,      ,    ,          ,     -,      ,          
FREQ     ,   94,Kngstn Cty Fire               ,    1,    1,        g, 313,          0,     -,  06-122,   off,      off,      ,    ,          ,     -,      ,          
FREQ     ,   95,Kngstn Cty Fire 2             ,    1,    1,        g, 314,          0,     -,  06-123,   off,      off,      ,    ,          ,     -,      ,          
FREQ     ,   96,Kngstn Cty Water              ,    1,    7,        g, 315,          0,     -,  06-126,   off,      off,      ,    ,          ,     -,      ,          
FREQ     ,   97,Med Lab                       ,    1,    8,        g, 316,          0,     -,  07-021,   off,      off,      ,    ,          ,     -,      ,          
FREQ     ,   98,Plumbng/Heat                  ,    1,    8,        g, 318,          0,     -,  07-025,   off,      off,      ,    ,          ,     -,      ,          
FREQ     ,   99,Plumbng/Heat                  ,    1,    8,        g, 319,          0,     -,  07-031,   off,      off,      ,    ,          ,     -,      ,          
FREQ     ,  100,Plumbng/Heat                  ,    1,    8,        g, 320,          0,     -,  07-032,   off,      off,      ,    ,          ,     -,      ,          
FREQ     ,  101,NYCOMCO                       ,    1,    8,        g, 321,          0,     -,  07-036,   off,      off,      ,    ,          ,     -,      ,          
FREQ     ,  102,Plumbng/Heat                  ,    1,    8,        g, 322,          0,     -,  07-043,   off,      off,      ,    ,          ,     -,      ,          
FREQ     ,  103,Oil Delivery                  ,    1,    8,        g, 323,          0,     -,  07-045,   off,      off,      ,    ,          ,     -,      ,          
FREQ     ,  104,Abbott Mills                  ,    1,    8,        g, 324,          0,     -,  07-053,   off,      off,      ,    ,          ,     -,      ,          
FREQ     ,  105,Abbott Mills                  ,    1,    8,        g, 325,          0,     -,  07-054,   off,      off,      ,    ,          ,     -,      ,          
FREQ     ,  106,Contractor                    ,    1,    8,        g, 326,          0,     -,  07-057,   off,      off,      ,    ,          ,     -,      ,          
FREQ     ,  107,Water                         ,    1,    7,        g, 327,          0,     -,  07-065,   off,      off,      ,    ,          ,     -,      ,          
FREQ     ,  108,Oil Company                   ,    1,    8,        g, 328,          0,     -,  07-066,   off,      off,      ,    ,          ,     -,      ,          
FREQ     ,  109,Landscaper                    ,    1,    8,        g, 329,          0,     -,  07-071,   off,      off,      ,    ,          ,     -,      ,          
FREQ     ,  110,Plumbng/Heat                  ,    1,    8,        g, 330,          0,     -,  07-074,   off,      off,      ,    ,          ,     -,      ,          
FREQ     ,  111,Plumbng/Heat                  ,    1,    8,        g, 331,          0,     -,  07-075,   off,      off,      ,    ,          ,     -,      ,          
FREQ     ,  112,Oil Delivery                  ,    1,    8,        g, 332,          0,     -,  07-082,   off,      off,      ,    ,          ,     -,      ,          
FREQ     ,  113,AStar HVAC                    ,    1,    8,        g, 333,          0,     -,  07-102,   off,      off,      ,    ,          ,     -,      ,          
FREQ     ,  114,Plumbng/Heat                  ,    1,    8,        g, 334,          0,     -,  07-103,   off,      off,      ,    ,          ,     -,      ,          
FREQ     ,  115,Bus                           ,    1,    8,        g, 335,          0,     -,  07-105,   off,      off,      ,    ,          ,     -,      ,          
FREQ     ,  116,Applnce Rpr                   ,    1,    8,        g, 336,          0,     -,  07-106,   off,      off,      ,    ,          ,     -,      ,          
FREQ     ,  117,Bus                           ,    1,    8,        g, 337,          0,     -,  07-107,   off,      off,      ,    ,          ,     -,      ,          
FREQ     ,  118,Towing                        ,    1,    8,        g, 338,          0,     -,  07-116,   off,      off,      ,    ,          ,     -,      ,          
FREQ     ,  119,CATV                          ,    1,   10,        g, 340,          0,     -,  07-146,   off,      off,      ,    ,          ,     -,      ,          
FREQ     ,  120,Towing                        ,    1,    8,        g, 341,          0,     -,  07-151,   off,      off,      ,    ,          ,     -,      ,          
FREQ     ,  121,Towing                        ,    1,    8,        g, 342,          0,     -,  07-155,   off,      off,      ,    ,          ,     -,      ,          
FREQ     ,  122,Trash Hauler                  ,    1,    8,        g, 343,          0,     -,  07-156,   off,      off,      ,    ,          ,     -,      ,          
FREQ     ,  123,Vending                       ,    1,    8,        g, 344,          0,     -,  08-024,   off,      off,      ,    ,          ,     -,      ,          
FREQ     ,  124,RegAmbulet                    ,    1,    8,        g, 345,          0,     -,  08-025,   off,      off,      ,    ,          ,     -,      ,          
FREQ     ,  125,Trash Hauler                  ,    1,    8,        g, 346,          0,     -,  08-033,   off,      off,      ,    ,          ,     -,      ,          
FREQ     ,  126,Contractor                    ,    1,    8,        g, 347,          0,     -,  08-042,   off,      off,      ,    ,          ,     -,      ,          
FREQ     ,  127,BiCent Pave                   ,    1,    8,        g, 348,          0,     -,  08-043,   off,      off,      ,    ,          ,     -,      ,          
FREQ     ,  128,RoyalCarting                  ,    1,    8,        g, 349,          0,     -,  08-045,   off,      off,      ,    ,          ,     -,      ,          
FREQ     ,  129,AB Pest                       ,    1,    8,        g, 350,          0,     -,  08-066,   off,      off,      ,    ,          ,     -,      ,          
FREQ     ,  130,School Maint                  ,    1,    8,        g, 351,          0,     -,  08-075,   off,      off,      ,    ,          ,     -,      ,          
FREQ     ,  131,Towing                        ,    1,    8,        g, 352,          0,     -,  08-082,   off,      off,      ,    ,          ,     -,      ,          
FREQ     ,  132,Oil Delivery                  ,    1,    8,        g, 353,          0,     -,  08-087,   off,      off,      ,    ,          ,     -,      ,          
FREQ     ,  133,BHS Security                  ,    1,    8,        g, 354,          0,     -,  08-091,   off,      off,      ,    ,          ,     -,      ,          
FREQ     ,  134,Towing                        ,    1,    8,        g, 355,          0,     -,  08-107,   off,      off,      ,    ,          ,     -,      ,          
FREQ     ,  135,Towing                        ,    1,    8,        g, 356,          0,     -,  08-154,   off,      off,      ,    ,          ,     -,      ,          
FREQ     ,  136,Heat/Propane                  ,    1,    8,        g, 357,          0,     -,  09-001,   off,      off,      ,    ,          ,     -,      ,          
FREQ     ,  137,Heat/Propane                  ,    1,    8,        g, 358,          0,     -,  09-002,   off,      off,      ,    ,          ,     -,      ,          
FREQ     ,  138,Towing                        ,    1,    8,        g, 359,          0,     -,  09-034,   off,      off,      ,    ,          ,     -,      ,          
FREQ     ,  139,PkpsieTwn PD                  ,    1,    5,        g,   -,          0,     -,  01-021,   off,      off,      ,    ,          ,     -,      ,          
FREQ     ,  140,PkpseTwnAdm                   ,    1,    5,        g,   -,          0,     -,  01-022,   off,      off,      ,    ,          ,     -,      ,          
FREQ     ,  141,PkpseTwncar                   ,    1,    5,        g,   -,          0,     -,  01-023,   off,      off,      ,    ,          ,     -,      ,          
FREQ     ,  142,PkpsieTwnDT1                  ,    1,    5,        g,   -,          0,     -,  01-024,   off,      off,      ,    ,          ,     -,      ,          
FREQ     ,  143,PkpsieTwnTfc                  ,    1,    5,        g,   -,          0,     -,  01-025,   off,      off,      ,    ,          ,     -,      ,          
FREQ     ,  144,PkpseTwnPDT                   ,    1,    5,        g,   -,          0,     -,  01-026,   off,      off,      ,    ,          ,     -,      ,          
FREQ     ,  145,PkpseTwnTAC1                  ,    1,    5,        g,   -,          0,     -,  01-027,   off,      off,      ,    ,          ,     -,      ,          
FREQ     ,  146,PkpseTwnTAC2                  ,    1,    5,        g,   -,          0,     -,  01-030,   off,      off,      ,    ,          ,     -,      ,          
FREQ     ,  147,PkpsieTwnDT2                  ,    1,    5,        g,   -,          0,     -,  01-032,   off,      off,      ,    ,          ,     -,      ,          
FREQ     ,  148,PkpseTwnLink                  ,    1,    5,        g,   -,          0,     -,  01-033,   off,      off,      ,    ,          ,     -,      ,          
FREQ     ,  149,PkpseTwnEmrg                  ,    1,    5,        g,   -,          0,     -,  01-034,   off,      off,      ,    ,          ,     -,      ,          
FREQ     ,  150,PkpsieTwn PD                  ,    1,    5,        g,   -,          0,     -,  01-035,   off,      off,      ,    ,          ,     -,      ,          
FREQ     ,  151,Pkeepsie Bld                  ,    1,   10,        g,   -,          0,     -,  01-052,   off,      off,      ,    ,          ,     -,      ,          
FREQ     ,  152,Pkeepsie TAC                  ,    1,    4,        g,   -,          0,     -,  01-056,   off,      off,      ,    ,          ,     -,      ,          
FREQ     ,  153,Pkeepsie FG                   ,    1,    4,        g,   -,          0,     -,  01-062,   off,      off,      ,    ,          ,     -,      ,          
FREQ     ,  154,Pkeepsie FD                   ,    1,    4,        g,   -,          0,     -,  01-067,   off,      off,      ,    ,          ,     -,      ,          
FREQ     ,  155,Pkeepsie I/A                  ,    1,    4,        g,   -,          0,     -,  01-072,   off,      off,      ,    ,          ,     -,      ,          
FREQ     ,  156,PkeepsiePt 1                  ,    1,    4,        g,   -,          0,     -,  01-081,   off,      off,      ,    ,          ,     -,      ,          
FREQ     ,  157,PkeepsiePD                    ,    1,    4,        g,   -,          0,     -,  01-082,   off,      off,      ,    ,          ,     -,      ,          
FREQ     ,  158,PkepsieEvnt2                  ,    1,    4,        g,   -,          0,     -,  01-083,   off,      off,      ,    ,          ,     -,      ,          
FREQ     ,  159,PkeepsieEmrg                  ,    1,    4,        g,   -,          0,     -,  01-084,   off,      off,      ,    ,          ,     -,      ,          
FREQ     ,  160,Pkeepsie c/c                  ,    1,    4,        g,   -,          0,     -,  01-085,   off,      off,      ,    ,          ,     -,      ,          
FREQ     ,  161,PkepsieEvnt1                  ,    1,    4,        g,   -,          0,     -,  01-086,   off,      off,      ,    ,          ,     -,      ,          
FREQ     ,  162,PkeepsieP DT                  ,    1,    4,        g,   -,          0,     -,  01-087,   off,      off,      ,    ,          ,     -,      ,          
FREQ     ,  163,Pkeepsie DT                   ,    1,    4,        g,   -,          0,     -,  01-090,   off,      off,      ,    ,          ,     -,      ,          
FREQ     ,  164,PkeepsiePt 2                  ,    1,    4,        g,   -,          0,     -,  01-091,   off,      off,      ,    ,          ,     -,      ,          
FREQ     ,  165,PkeepsieTrf1                  ,    1,    5,        g,   -,          0,     -,  01-092,   off,      off,      ,    ,          ,     -,      ,          
FREQ     ,  166,PkeepsieTrf2                  ,    1,    5,        g,   -,          0,     -,  01-094,   off,      off,      ,    ,          ,     -,      ,          
FREQ     ,  167,PkpsieTwnHwy                  ,    1,    7,        g,   -,          0,     -,  01-101,   off,      off,      ,    ,          ,     -,      ,          
FREQ     ,  168,PkpsieTwnWtr                  ,    1,    7,        g,   -,          0,     -,  01-103,   off,      off,      ,    ,          ,     -,      ,          
FREQ     ,  169,PkpseTwn Swg                  ,    1,   10,        g,   -,          0,     -,  01-104,   off,      off,      ,    ,          ,     -,      ,          
FREQ     ,  170,PkpTownwide                   ,    1,    5,        g,   -,          0,     -,  01-106,   off,      off,      ,    ,          ,     -,      ,          
FREQ     ,  171,PkpseTwnPark                  ,    1,    7,        g,   -,          0,     -,  01-107,   off,      off,      ,    ,          ,     -,      ,          
FREQ     ,  172,PkpseTwnBldg                  ,    1,    7,        g,   -,          0,     -,  01-110,   off,      off,      ,    ,          ,     -,      ,          
FREQ     ,  173,HydePark PD                   ,    1,    9,        g,   -,          0,     -,  03-027,   off,      off,      ,    ,          ,     -,      ,          
FREQ     ,  174,HydePark TAC                  ,    1,    9,        g,   -,          0,     -,  03-031,   off,      off,      ,    ,          ,     -,      ,          
FREQ     ,  175,HydePark c/c                  ,    1,    9,        g,   -,          0,     -,  03-032,   off,      off,      ,    ,          ,     -,      ,          
FREQ     ,  176,HydeParkServ                  ,    1,    9,        g,   -,          0,     -,  03-033,   off,      off,      ,    ,          ,     -,      ,          
FREQ     ,  177,DC DrugTask                   ,    1,    9,        g,   -,          0,     -,  03-041,   off,      off,      ,    ,          ,     -,      ,          
FREQ     ,  178,DC DrugTask                   ,    1,    9,        g,   -,          0,     -,  03-042,   off,      off,      ,    ,          ,     -,      ,          
FREQ     ,  179,DC DrugTask                   ,    1,    9,        g,   -,          0,     -,  03-043,   off,      off,      ,    ,          ,     -,      ,          
FREQ     ,  180,DC DrugTask                   ,    1,    9,        g,   -,          0,     -,  03-045,   off,      off,      ,    ,          ,     -,      ,          
FREQ     ,  181,Wppngrs Hwy                   ,    1,    7,        g,   -,          0,     -,  03-051,   off,      off,      ,    ,          ,     -,      ,          
FREQ     ,  182,Beacon PD Ch. 3               ,    1,    9,        g,   -,          0,     -,  03-061,   off,      off,      ,    ,          ,     -,      ,          
FREQ     ,  183,Beacon PD Ch. 4               ,    1,    9,        g,   -,          0,     -,  03-065,   off,      off,      ,    ,          ,     -,      ,          
FREQ     ,  184,Beacon PD TAC 1               ,    1,    9,        g,   -,          0,     -,  03-066,   off,      off,      ,    ,          ,     -,      ,          
FREQ     ,  185,Beacon PD TAC 2               ,    1,    9,        g,   -,          0,     -,  03-067,   off,      off,      ,    ,          ,     -,      ,          
FREQ     ,  186,Beacon PD Detect              ,    1,    9,        g,   -,          0,     -,  03-070,   off,      off,      ,    ,          ,     -,      ,          
FREQ     ,  187,Beacon PD/ Nwbrg              ,    1,    9,        g,   -,          0,     -,  03-071,   off,      off,      ,    ,          ,     -,      ,          
FREQ     ,  188,BCPD/Fishkil                  ,    1,    9,        g,   -,          0,     -,  03-073,   off,      off,      ,    ,          ,     -,      ,          
FREQ     ,  189,Beacon PD Citywide            ,    1,    9,        g,   -,          0,     -,  03-074,   off,      off,      ,    ,          ,     -,      ,          
FREQ     ,  190,Beacon TAC                    ,    1,    9,        g,   -,          0,     -,  03-075,   off,      off,      ,    ,          ,     -,      ,          
FREQ     ,  191,DutcCoSh Tac                  ,    1,    9,        g,   -,          0,     -,  03-077,   off,      off,      ,    ,          ,     -,      ,          
FREQ     ,  192,Bldg Inspect                  ,    1,    7,        g,   -,          0,     -,  03-084,   off,      off,      ,    ,          ,     -,      ,          
FREQ     ,  193,DutcCoSh Car                  ,    1,    9,        g,   -,          0,     -,  03-085,   off,      off,      ,    ,          ,     -,      ,          
FREQ     ,  194,Bldg Dept                     ,    1,    7,        g,   -,          0,     -,  03-087,   off,      off,      ,    ,          ,     -,      ,          
FREQ     ,  195,DutchCo 911                   ,    1,    9,        g,   -,          0,     -,  03-091,   off,      off,      ,    ,          ,     -,      ,          
FREQ     ,  196,Fishkill Bas6                 ,    1,    9,        g,   -,          0,     -,  03-092,   off,      off,      ,    ,          ,     -,      ,          
FREQ     ,  197,Fishkill PD                   ,    1,    9,        g,   -,          0,     -,  03-093,   off,      off,      ,    ,          ,     -,      ,          
FREQ     ,  198,Fishkill PD                   ,    1,    9,        g,   -,          0,     -,  03-094,   off,      off,      ,    ,          ,     -,      ,          
